ID,Word,Action,Appearance,Behavior,BodyPart,Category,Climate,Color,Covering,Danger,Diet,Emotion,Era,Function,Growth,Location,Material,Movement,Parts,Power,Process,Property,Region,Shape,Size,Smell,Sociality,Sound,Speed,State,Taste,Temperature,Texture,Time,User,Value,Weight
1,Chicken,,,Pecks,,Living thing; Animal; Bird; Domestic animal; Livestock; Poultry,,Brown,Feathers,,Omnivore; Grain,,,Meat source; Egg source,Lays eggs,Farm,,Walks,Wings; Beak; Comb,,,,,,Small,,Flock,Cluck,,,,,,,,,
2,Turkey,,,Displays tail,,Living thing; Animal; Bird; Domestic animal; Livestock; Poultry,,Brown,Feathers,,Omnivore; Grain,,,Meat source,Lays eggs,Farm,,Walks,Wings; Beak; Wattle,,,,,,Medium,,Flock,Gobble,,,,,,,,,
3,Duck,,,,,Living thing; Animal; Bird; Waterfowl; Poultry,,Brown,Feathers,,Omnivore; Aquatic plants,,,Meat source; Egg source,Lays eggs; Migrates,Pond,,Swims; Flies,Wings; Bill; Webbed feet,,,,,,Small,,Flock,,,,,,,,,,
4,Goose,,,,,Living thing; Animal; Bird; Waterfowl; Poultry,,Gray,Feathers,Pecks,Herbivore; Grass,,,Meat source; Feather source,Lays eggs; Migrates,Lake,,Swims; Flies,Long neck; Wings; Bill; Webbed feet,,,,,,Medium,,Flock,Honk,,,,,,,,,
5,Swan,,,,,Living thing; Animal; Bird; Waterfowl,,White,Feathers,Pecks,Herbivore; Aquatic plants,,,,Lays eggs; Mates for life,Lake,,Swims; Flies,Long neck; Wings; Bill; Webbed feet,,,,,,Medium,,Pairs,Hiss,,,,,,,,,
6,Pigeon,,Iridescent,Homing,,Living thing; Animal; Bird; Pest,,Gray,Feathers,Spreads disease,Herbivore; Grain,,,Messaging,Lays eggs,City,,Walks; Flies,Wings; Beak,,,,,,Small,,Flock,Coo,,,,,,,,,
7,Dove,,,Gentle,,Living thing; Animal; Bird,,White,Feathers,,Herbivore; Grain,,,,Lays eggs; Mates for life,Garden,,Walks; Flies,Wings; Beak,,,,,,Small,,Pairs,Coo,,,,,,,,,
8,Sparrow,,,,,Living thing; Animal; Bird; Songbird,,Brown,Feathers,,Omnivore; Seeds,,,,Lays eggs,City,,Hops; Flies,Wings; Beak,,,,,,Tiny,,Flock,Chirp,,,,,,,,,
9,Finch,,,Sings,,Living thing; Animal; Bird; Songbird,,Red,Feathers,,Herbivore; Seeds,,,,Lays eggs,Woodland,,Hops; Flies,Wings; Beak,,,,,,Tiny,,Flock,Birdsong,,,,,,,,,
10,Canary,,,Sings,,Living thing; Animal; Bird; Domestic animal; Pet; Songbird,,Yellow,Feathers,,Herbivore; Seeds,,,Companionship,Lays eggs,Cage,,Hops; Flies,Wings; Beak,,,,,,Tiny,,Lives with humans,Birdsong,,,,,,,,,
11,Robin,,,Sings,,Living thing; Animal; Bird; Songbird,,Orange; Brown,Feathers,,Omnivore; Worms,,,,Lays eggs,Garden,,Hops; Flies,Wings; Beak,,,,,,Tiny,,Solitary,Birdsong,,,,,,,,,
12,Blackbird,,,Sings,,Living thing; Animal; Bird; Songbird,,Black,Feathers,,Omnivore; Worms,,,,Lays eggs,Garden,,Hops; Flies,Wings; Beak,,,,,,Small,,Pairs,Birdsong,,,,,,,,,
13,Starling,,Iridescent,Swarms,,Living thing; Animal; Bird; Pest; Songbird,,Black,Feathers,Damages crops,Omnivore; Insects,,,,Lays eggs,Farmland,,Walks; Flies,Wings; Beak,,,,,,Small,,Flock,Chatter,,,,,,,,,
14,Swallow,,,Hunts on the wing,,Living thing; Animal; Bird; Songbird,,Blue,Feathers,,Insectivore; Insects,,,,Lays eggs; Migrates,Farmland,,Flies; Glides,Beak; Long wings; Forked tail,,,,,,Tiny,,Flock,,,,,,,,,,
15,Crow,,,Scavenges,,Living thing; Animal; Bird; Crow family,,Black,Feathers,Damages crops,Omnivore; Carrion,,,,Lays eggs,Farmland,,Walks; Flies,Wings; Beak,,,,,,Small,,Flock,Caw,,,,,,,,,
16,Raven,,,Scavenges,,Living thing; Animal; Bird; Crow family,,Black,Feathers,,Omnivore; Carrion,,,,Lays eggs; Mates for life,Mountain,,Flies; Soars,Wings; Beak,,,,,,Small,,Pairs,Croak,,,,,,,,,
17,Magpie,,Black-and-white,Raids nests,,Living thing; Animal; Bird; Crow family,,Black; White,Feathers,,Omnivore,,,,Lays eggs,Farmland,,Walks; Flies,Wings; Beak; Long tail,,,,,,Small,,Pairs,Chatter,,,,,,,,,
18,Eagle,,,Swoops,,Living thing; Animal; Bird; Predator; Bird of prey,,Brown,Feathers,,Carnivore; Meat,,,,Lays eggs,Mountain,,Flies; Soars,Wings; Hooked beak; Talons,,,,,,Medium,,Pairs,Screech,,,,,,,,,
19,Hawk,,Banded,Swoops,,Living thing; Animal; Bird; Predator; Bird of prey,,Brown,Feathers,,Carnivore; Small mammals,,,Hunting aid,Lays eggs,Woodland,,Flies; Soars,Wings; Hooked beak; Talons,,,,,,Small,,Solitary,Screech,,,,,,,,,
20,Falcon,,,Swoops,,Living thing; Animal; Bird; Predator; Bird of prey,,Gray,Feathers,,Carnivore,,,Hunting aid,Lays eggs,Cliff,,Dives; Flies,Wings; Hooked beak; Talons,,,,,,Small,,Pairs,Screech,Very fast,,,,,,,,
21,Owl,,Mottled,,,Living thing; Animal; Bird; Predator; Bird of prey,,Brown,Feathers,,Carnivore; Small mammals,,,Pest control,Lays eggs,Woodland,,Flies; Glides,Wings; Hooked beak; Talons; Large eyes,,,,,,Small,,Solitary,Hoot,,,,,,Nocturnal,,,
22,Vulture,,,Scavenges,,Living thing; Animal; Bird; Bird of prey,,Brown,Feathers,,Scavenger; Carrion,,,,Lays eggs,Desert,,Flies; Soars,Wings; Hooked beak; Bald head,,,,,,Medium,,Flock,Hiss,,,,,,,,,
23,Parrot,,Colorful,Mimics speech,,Living thing; Animal; Bird; Pet; Parrot family,,Green,Feathers,Pecks,Herbivore; Fruit,,,Companionship,Lays eggs,Jungle,,Climbs; Flies,Wings; Hooked beak; Long tail,,,,,,Small,,Flock,Squawk; Speech,,,,,,,,,
24,Parakeet,,Colorful,Mimics speech,,Living thing; Animal; Bird; Domestic animal; Pet; Parrot family,,Green,Feathers,,Herbivore; Seeds,,,Companionship,Lays eggs,Cage,,Climbs; Flies,Wings; Hooked beak; Long tail,,,,Australia,,Tiny,,Lives with humans,Chirp,,,,,,,,,
25,Toucan,,Colorful,Raids nests,,Living thing; Animal; Bird,,Black,Feathers,,Omnivore; Fruit,,,,Lays eggs,Jungle,,Hops; Flies,Wings; Large beak,,,,South America,,Small,,Flock,Croak,,,,,,,,,
26,Hummingbird,,Iridescent,Pollinates,,Living thing; Animal; Bird,,Green,Feathers,,Omnivore; Nectar,,,Pollination,Lays eggs; Migrates,Garden,,Flies; Hovers,Wings; Long beak,,,,North America; South America,,Tiny,,Solitary,Hum,,,,,,,,,
27,Woodpecker,,Black-and-white,Bores wood,,Living thing; Animal; Bird,,Black; White,Feathers,,Insectivore; Insects,,,Pest control,Lays eggs,Forest,,Climbs; Flies,Wings; Long tongue,,,,,,Small,,Solitary,Drumming,,,,,,,,,
28,Kingfisher,,Colorful,Plunge-dives,,Living thing; Animal; Bird; Predator,,Blue; Orange,Feathers,,Carnivore; Fish,,,,Lays eggs,River,,Dives; Flies,Wings; Long beak,,,,,,Tiny,,Solitary,Whistle,,,,,,,,,
29,Cuckoo,,Banded,,,Living thing; Animal; Bird,,Gray,Feathers,,Insectivore; Insects,,,,Lays eggs; Migrates; Lays eggs in other nests,Woodland,,Flies,Wings; Beak; Long tail,,,,,,Small,,Solitary,Two-note call,,,,,,,,,
30,Peacock,,Iridescent,Displays tail,,Living thing; Animal; Bird; Game bird,,Blue,Feathers,,Omnivore; Seeds,,,Ornament,Lays eggs,Park,,Walks,Wings; Beak; Tail feathers,,,,India,,Medium,,Family group,Screech,,,,,,,,,
31,Pheasant,,Iridescent,Pecks,,Living thing; Animal; Bird; Game bird,,Brown,Feathers,,Omnivore; Seeds,,,Meat source,Lays eggs,Farmland,,Walks; Flies,Wings; Beak; Long tail,,,,,,Small,,Solitary,Crowing,,,,,,,,,
32,Quail,,Speckled,,,Living thing; Animal; Bird; Game bird,,Brown,Feathers,,Omnivore; Seeds,,,Meat source; Egg source,Lays eggs; Migrates,Field,,Walks; Runs,Wings; Beak; Short tail,,,,,,Small,,Flock,Whistle,,,,,,,,,
33,Penguin,,Black-and-white,,,Living thing; Animal; Bird; Predator; Seabird; Flightless bird,,Black; White,Feathers,,Carnivore; Fish,,,,Lays eggs,Polar ice,,Swims; Waddles,Flippers; Beak; Webbed feet,,,,Antarctica,,Medium,,Colony,Squawk,,,,,,,,,
34,Puffin,,Black-and-white,Fishes,,Living thing; Animal; Bird; Predator; Seabird,,Black; White,Feathers,,Carnivore; Fish,,,,Lays eggs,Cliff,,Swims; Flies,Wings; Webbed feet; Large beak,,,,Atlantic,,Small,,Colony,Growl,,,,,,,,,
35,Seagull,,,Scavenges,,Living thing; Animal; Bird; Seabird,,White,Feathers,,Omnivore; Fish,,,,Lays eggs,Coast,,Flies; Soars,Wings; Beak; Webbed feet,,,,,,Small,,Colony,Squawk,,,,,,,,,
36,Albatross,,,Flies long distances,,Living thing; Animal; Bird; Seabird,,White,Feathers,,Carnivore,,,,Lays eggs; Mates for life,Ocean,,Flies; Soars,Beak; Webbed feet; Long wings,,,,,,Medium,,Pairs,Squawk,,,,,,,,,
37,Pelican,,,Plunge-dives,,Living thing; Animal; Bird; Predator; Seabird,,White,Feathers,,Carnivore; Fish,,,,Lays eggs,Coast,,Swims; Flies,Wings; Throat pouch; Large beak,,,,,,Medium,,Flock,,,,,,,,,,
38,Heron,,,,,Living thing; Animal; Bird; Predator; Wading bird,,Gray,Feathers,,Carnivore; Fish,,,,Lays eggs,River,,Flies; Wades,Long neck; Wings; Long beak; Long legs,,,,,,Medium,,Solitary,Squawk,,,,,,,,,
39,Stork,,,Flies long distances,,Living thing; Animal; Bird; Predator; Wading bird,,Black; White,Feathers,,Carnivore,,,,Lays eggs; Migrates,Meadow; Rooftops,,Flies; Soars,Long neck; Wings; Long beak; Long legs,,,,Europe,,Medium,,Pairs,Clatter,,,,,,,,,
40,Crane,,,,,Living thing; Animal; Bird; Wading bird,,Gray,Feathers,,Omnivore; Grain,,,,Lays eggs; Migrates,Marsh,,Flies; Wades,Long neck; Wings; Long beak; Long legs,,,,,,Medium,,Flock,Trumpeting,,,,,,,,,
41,Flamingo,,,Stands on one leg,,Living thing; Animal; Bird; Wading bird,,Pink,Feathers,,Filter feeder; Algae,,,,Lays eggs,,,Flies; Wades,Long neck; Wings; Long legs,,,,,,Medium,,Colony,Honk,,,,,,,,,
42,Ostrich,,,,,Living thing; Animal; Bird; Flightless bird,,Black,Feathers,Kicks,Herbivore; Grass,,,Meat source; Feather source,Lays eggs,Savanna,,Runs,Long neck; Wings; Beak; Long legs,,,,Africa,,Large,,Herd,Boom,Very fast,,,,,,,,
43,Emu,,,,,Living thing; Animal; Bird; Flightless bird,,Brown,Feathers,Kicks,Omnivore; Fruit,,,Meat source,Lays eggs,Scrubland,,Runs,Long neck; Wings; Beak; Long legs,,,,Australia,,Large,,Pairs,Boom,,,,,,,,,
44,Head,Turn; Think; Nod,,,Upper body,Body part,,,Hair; Skin,Concussion,,,,Thinking,,,Bone,Turns,,,,Single; Vital,,Round,Small,,,,,,,,Hard,,,,
45,Face,Smile,,,Head,Body part,,,Skin,,,,,,,,Muscle; Flesh,,,,,Single; Sensitive,,Oval,Small,,,,,,,,Smooth; Soft,,,,
46,Eye,,,,Head; Face,Body part; Organ; Sense organ,,Blue; Brown,,Blinding; Eye strain; Eye injury,,,,Seeing,,,Nerve tissue,,Lens,,,Paired; Sensitive,,Spherical,Tiny,,,,,,,,Moist; Delicate,,,,
47,Ear,Listen,,,Head,Body part; Organ; Sense organ,,,Skin,Hearing damage; Infection,,,,Hearing; Balance,,,Cartilage,,,,,Paired; Sensitive,,Curved,Tiny,,,,,,,,Soft; Flexible,,,,
48,Nose,Blow; Breathe,,,Face,Body part; Organ; Sense organ; Facial feature,,,Skin,Fractures; Bleeding,,,,Smelling; Breathing,,,Bone; Cartilage,,Holes,,,Single; Sensitive,,Pointed,Tiny,,,,,,,,Soft,,,,
49,Mouth,Speak; Kiss; Smile,,,Face,Body part; Facial feature,,Red; Pink,,,,,,Eating; Speaking; Breathing,,,Muscle; Flesh,,,,,Single,,Oval,Small,,,Speech; Laughter,,,,,Soft; Moist,,,,
50,Lip,Lick; Kiss; Smile,,,Face; Mouth,Body part; Facial feature,,Red; Pink,Skin,,,,,Speaking,,,Muscle; Flesh,,,,,Paired; Sensitive,,Curved,Tiny,,,Whistle,,,,,Smooth; Soft; Moist,,,,
51,Tongue,Lick; Taste; Speak,,,Mouth,Body part; Organ; Sense organ,,Pink,,Burns,,,,Tasting; Speaking; Swallowing,,,Muscle,,Tip,,,Single; Sensitive; Muscular,,Flat,Small,,,Click; Slurp,,,,,Rough; Moist; Flexible,,,,
52,Tooth,Bite; Chew; Brush,,,Mouth,Body part,,White,,Tooth decay,,Pain,,Chewing,,,,,Roots; Crown,,,Many,,,Tiny,,,Chatter; Grinding,,,,,Smooth; Hard,,,,
53,Hair,Cut; Style; Comb,,,Head,Body part,,Black; Brown,,,,,,Warmth; Adornment,,,Keratin,,Roots; Strands,,,Numerous,,Long; Thin,Small,,,,,,,,Soft; Fine,,,,
54,Neck,Turn; Nod; Bend,,,Upper body,Body part,,,Skin,Strain; Fractures,,,,Breathing; Supporting body; Swallowing,,,Bone; Muscle,Bends; Turns,,,,Single; Vital,,Cylindrical; Narrow,Small,,,,,,,,Soft; Flexible,,,,
55,Shoulder,Carry; Lift,,,Arms; Upper body,Body part; Joint,,,Skin,Strain; Sprains,,,,Carrying; Movement,,,Bone; Muscle,Rotates,Blade,,,Paired; Muscular,,Round,Small,,,,,,,,Firm,,,,
56,Arm,Throw; Lift; Hug,,,Upper body,Body part; Limb,,,Hair; Skin,Bruises; Fractures,,,,Lifting; Carrying,,,Bone; Muscle,Swings; Bends,,,,Paired; Muscular,,Long,Medium,,,,,,,,Firm,,,,
57,Elbow,Bend; Flex,,,Arms,Body part; Joint,,,Skin,Strain; Bruises,,,,Bending; Movement,,,Bone; Cartilage,Bends,,,,Paired; Bony; Hinged,,Pointed,Small,,,,,,,,Hard,,,,
58,Wrist,Twist; Bend,,,Arms; Hands,Body part; Joint,,,Skin,Strain; Fractures; Sprains,,,,Bending; Movement,,,Bone; Cartilage,Bends; Pulses; Twists,,,,Paired; Bony,,Narrow,Small,,,,,,,,Flexible,,,,
59,Hand,Grasp; Clap,,,Arms,Body part,,,Skin,Cuts; Burns; Blisters,,,,Holding; Touching; Grasping,,,Bone; Muscle,,Fingers; Thumb,,,Paired; Sensitive,,Flat,Small,,,Applause,,,,,Soft,,,,
60,Finger,Press; Point; Touch,,,Hands,Body part; Digit,,,Skin,Pricks; Pinches; Frostbite,,,,Touching; Grasping,,,Bone; Keratin,Bends,Tip; Knuckles,,,Many; Sensitive,,Long; Thin,Tiny,,,Click; Tapping,,,,,Soft; Flexible,,,,
61,Thumb,Press; Text; Grasp,,,Hands,Body part; Digit,,,Skin,Pinches; Sprains,,,,Holding; Grasping,,,Bone; Keratin,Bends,Tip; Knuckles,,,Paired,,Thick; Short,Tiny,,,,,,,,Soft; Flexible,,,,
62,Fingernail,Bite; Paint,,,Fingers,Body part,,Pink,,Scratches,,,,Protection; Adornment,,,Keratin,,Tip,,,Many,,Flat; Thin,Tiny,,,Tapping; Scratching,,,,,Smooth; Hard,,,,
63,Chest,Breathe,,,Torso; Upper body,Body part,,,Hair; Skin,Fractures; Infection,,,,Breathing; Protecting organs,,,Bone; Muscle,Expands,Ribs,,,Single; Muscular,,Wide,Medium,,,Heartbeat; Breathing,,,,,Firm,,,,
64,Back,Carry; Bend; Stretch,,,Torso,Body part,,,Skin,Sunburn; Strain,,,,Carrying; Bending; Supporting body,,,Bone; Muscle,Bends; Twists,Ribs; Spine,,,Single; Muscular,,Flat; Wide,Medium,,,,,,,,Firm,,,,
65,Belly,Rub,,,Torso; Abdomen,Body part,,,Skin,Food poisoning,,,,Digestion,,,Muscle; Fat,Expands,,,,Single,,Round,Medium,,,Rumble; Gurgle,,,,,Soft,,,,
66,Hip,Dance; Bend,,,Waist; Lower body,Body part; Joint,,,Skin,Fractures,,,,Walking; Bending; Supporting body,,,Bone; Cartilage,Rotates,,,,Paired; Bony,,Round; Wide,Small,,,,,,,,Firm,,,,
67,Leg,Kick; Walk; Run,,,Lower body,Body part; Limb,,,Hair; Skin,Bruises; Fractures,,,,Walking; Running; Supporting body,,,Bone; Muscle,Bends,,,,Paired; Muscular,,Long,Medium,,,,,,,,Firm,,,,
68,Knee,Bend; Flex; Kneel,,,Legs,Body part; Joint,,,Skin,Strain; Bruises; Sprains,,,,Walking; Bending,,,Bone; Cartilage,Bends,Cap,,,Paired; Bony; Hinged,,Round,Small,,,Creak,,,,,Hard,,,,
69,Ankle,Twist; Bend; Flex,,,Legs; Feet,Body part; Joint,,,Skin,Fractures; Sprains,,,,Walking; Bending; Balance,,,Bone; Cartilage,Bends; Twists,,,,Paired; Bony,,Narrow,Small,,,,,,,,Flexible,,,,
70,Foot,Kick; Walk,,,Legs,Body part,,,Skin,Cuts; Pricks; Blisters,,,,Walking; Supporting body,,,Bone; Muscle,,Sole; Heel,,,Paired; Sensitive,,Flat,Small,Sweaty,,Footsteps,,,,,Tough,,,,
71,Toe,,,,Feet,Body part; Digit,,,Skin,Frostbite; Fractures,,Pain,,Walking; Balance,,,Bone; Keratin,Bends,Tip,,,Many,,Short,Tiny,,,Tapping,,,,,Soft,,,,
72,Skin,Wash; Sunbathe; Touch,,,Whole body,Body part; Organ; Tissue,,Pink; Brown,Hair,Burns; Sunburn; Itching,,,,Protection; Touching; Sensation,Regenerates,,Keratin; Fat,,Layers,,,Waterproof; Sensitive,,Thin,,,,,,,,,Smooth; Soft; Elastic,,,,
73,Bone,Scan; Set,,,Whole body; Internal,Body part; Tissue,,White,,Fractures,,,,Supporting body; Protecting organs; Movement,Regenerates,,Mineral,,,,,Durable; Strong; Numerous,,Long; Hollow,Small,,,,,,,,Hard; Rigid,,,,
74,Skull,Scan,,,Head; Internal,Body part; Bone,,White,Hair; Skin,Fractures; Concussion,,Fear,,Protecting organs,,,Mineral,,Teeth,,,Durable; Single; Strong,,Round; Dome-shaped; Hollow,Small,,,,,,,,Hard; Rigid,,,,
75,Rib,,,,Chest; Internal,Body part; Bone,,White,,Bruises; Fractures,,,,Breathing; Protecting organs,,,Cartilage; Mineral,Expands,,,,Paired; Many,,Thin; Curved,Small,,,,,,,,Hard; Flexible,,,,
76,Spine,Bend; Stretch,,,Back; Internal,Body part; Bone,,White,,Strain; Fractures,,,,Bending; Supporting body; Protecting organs,,,Cartilage; Nerve tissue; Mineral,Bends; Twists,Segmented body,,,Single; Vital,,Long; Curved,Medium,,,,,,,,Hard; Flexible,,,,
77,Muscle,Exercise; Stretch; Flex,,,Whole body; Internal,Body part; Tissue,,Red,Skin,Strain; Bruises,,,,Lifting; Supporting body; Movement,,,Flesh,,Fibers,,,Strong; Numerous,,,Small,,,,,,,,Firm; Elastic; Fibrous,,,,
78,Heart,Beat,,,Chest; Internal,Body part; Organ; Internal organ,,Red,,,,Affection; Romance,,Pumping blood; Oxygen transport,,,Muscle,Pulses; Beats,Valves,,,Single; Vital; Muscular,,Heart-shaped; Compact,Small,,,Rhythmic; Heartbeat,,,,,Firm,,,,
79,Lung,Blow; Inflate; Breathe,,,Chest; Internal,Body part; Organ; Internal organ,,Pink,,Suffocation; Fumes; Infection,,,,Breathing; Oxygen transport,,,,Expands,Branches; Pipes,,,Paired; Vital,,Lobed,Small,,,Breathing,,,,,Spongy; Elastic,,,,
80,Brain,Learn; Think,,,Head; Internal,Body part; Organ; Internal organ,,Pink; Gray,,Concussion,,Curiosity,,Thinking; Movement; Sensation,,,Fat; Nerve tissue,,Cells,,,Single; Vital,,Round; Lobed,Small,,,,,,,,Soft; Wrinkled,,,,
81,Stomach,Fill,,,Internal; Abdomen,Body part; Organ; Internal organ,,Pink,,Infection; Food poisoning,,Anxiety,,Mixing; Food storage; Digestion,,,Muscle,Expands,Lining,,,Single; Muscular,,Curved; Hollow,Small,,,Rumble; Gurgle,,,,,Soft; Elastic,,,,
82,Liver,,,,Internal; Abdomen,Body part; Organ; Internal organ,,Reddish-brown,,Toxic; Intoxicating; Infection,,,,Digestion; Filtering blood; Detoxification,Regenerates,,Flesh; Blood,,,,,Single; Vital,,Wedge-shaped; Lobed,Small,,,,,,,,Smooth; Soft,,,,
83,Kidney,,,,Internal; Abdomen,Body part; Organ; Internal organ,,Reddish-brown,,Toxic; Dehydration; Infection,,,,Filtering blood; Detoxification,,,Flesh; Blood,,,,,Paired; Vital,,Kidney-shaped,Small,,,,,,,,Smooth; Firm,,,,
84,Blood,,,,Whole body; Internal,Body part; Tissue,,Red; Dark red,,Infection; Bleeding,,Fear,,Nutrition; Protection; Oxygen transport,,,Iron; Water,Flows; Pulses,Cells,,,Vital,,,,Metallic,,,,Liquid,Salty,Warm,Sticky; Viscous,,,,
85,House,Sleep in; Live in,,,,Place; Building; Dwelling,,,,,,Comfort; Security,,Living; Shelter,,Town,Brick,,Windows; Roof; Walls; Chimney; Rooms,,,,,,Huge,,Private; Family,,,,,,,,Resident,Expensive,
86,Cottage,Sleep in; Live in,,,,Place; Building; Dwelling,,,,,,Comfort; Security,Traditional,Living; Shelter,,Village; Countryside,Stone; Thatch,,Windows; Roof; Walls; Chimney,,,,,,Large,,Private; Family,,,,,,,,Resident,Expensive,
87,Apartment,Sleep in; Live in,,,,Place; Building; Dwelling,,,,,,Comfort; Security,Modern,Living; Shelter,,City,Concrete,,Windows; Walls; Rooms,,,,,,Large,,Private; Family,,,,,,,,Resident,Affordable,
88,Mansion,Sleep in; Live in,,,,Place; Building; Dwelling,,,,,,Comfort; Elegance; Security,,Living; Shelter,,Countryside,Stone; Marble,,Roof; Walls; Rooms; Gate; Columns,,,,,,Gigantic,,Private; Family,,,,,,,,Resident,Luxury,
89,Cabin,Sleep in; Live in,,,,Place; Building; Dwelling; Shelter,,,,,,Comfort; Security,Traditional,Living; Shelter,,Forest; Mountain,Logs,,Roof; Walls; Chimney,,,,,,Large,Woody,Private; Family,,,,,,,,Hunter; Hiker,,
90,Hut,Sleep in; Live in,,,,Place; Building; Dwelling; Shelter,,,,,,Comfort; Security,Prehistoric,Living; Shelter,,Village,Wood; Thatch,,Roof; Walls,,,,,,Large,,Private; Family,,,,,,,,,Cheap,
91,Igloo,Sleep in; Live in,,,,Place; Building; Dwelling; Shelter,,,,,,Comfort; Security,Traditional,Living; Shelter,,Polar ice; Snowfield,Ice; Snow,,Walls,,,,Arctic,Dome-shaped,Large,,Private; Family,,,,,,,,Hunter,Free,
92,Tent,Sleep in; Fold; Camp,,,,Place; Shelter,,,,,,Freedom,,Camping; Shelter,,Campsite,Nylon; Canvas,,Pole; Rope; Flap,,,Waterproof; Portable; Foldable,,Triangular,Large,,,,,,,,,,Camper; Hiker,Affordable,
93,Castle,Visit; Defend,,,,Place; Building,,,,,,Awe; Mystery,Medieval,Defense; Tourism,,Hillside,Stone,,Walls; Tower; Gate,,,,,,Gigantic,,,Echo,,,,,,,Knight; King,,
94,Palace,Visit; Rule,,,,Place; Building,,,,,,Awe; Elegance,,Tourism; Ruling,,City,Stone; Marble,,Walls; Gate; Columns,,,,,,Gigantic,,,Echo,,,,,,,King,,
95,Tower,Climb; Visit,,,,Place; Building,,,,Falls,,Awe,,Tourism; Observation,,City,Steel; Stone,,Windows; Stairs,,,,,Tall; Narrow,Gigantic,,,,,,,,,,,,
96,Skyscraper,Work,,,,Place; Building; Workplace,,,,Falls,,Awe,Modern,Commerce; Office work,,City,Steel; Glass,,Windows; Elevator,,,,,Tall,Gigantic,,,,,,,,,,Office worker; Businessperson,,
97,Lighthouse,Climb; Navigate,Glowing,,,Place; Building; Infrastructure,,,,,,Security; Loneliness,,Navigation,,Coast; Cliff,Stone; Brick,,Lens; Stairs,,,,,Cylindrical; Tall,Huge,Briny,,,,,,,,Night,Sailor; Navigator,,
98,Windmill,,,,,Place; Building,,,,,,,Medieval,Farming; Wind power,,Countryside; Hillside,Wood; Stone,Spins,Sail,Wind,,,Netherlands,Tall,Huge,,,Whoosh; Creak,,,,,,,Farmer,,
99,Church,Visit; Pray; Kneel,,,,Place; Building; Public building; Place of worship,,,,,,Reverence; Peace,Medieval,Worship; Religious service,,Town,Stone,,Spire; Altar; Bell,,,,Europe,,Huge,,Public,Echo; Singing; Bells,,,,,,Weekend,Priest; Worshipper,,
100,Cathedral,Visit; Pray; Kneel,,,,Place; Building; Public building; Place of worship,,,,,,Awe; Reverence; Peace,Medieval,Worship; Tourism; Religious service,,City,Stone,,Spire; Altar; Columns,,,,Europe,,Gigantic,Incense,Public,Echo; Singing; Bells,,,,,,Weekend,Priest; Worshipper,,
101,Mosque,Wash; Pray; Kneel,,,,Place; Building; Public building; Place of worship,,,,,,Reverence; Peace,Medieval,Worship; Religious service,,City,Stone,,Tower,,,,Middle East,Dome-shaped,Gigantic,,Public,Prayer; Chant,,,,,,,Worshipper,,
102,Temple,Visit; Pray; Kneel,,,,Place; Building; Public building; Place of worship,,,,,,Reverence; Peace,Ancient,Worship; Tourism; Religious service,,Hillside,Stone,,Altar; Stairs; Columns,,,,Asia,Stepped,Gigantic,Incense,Public,Bells; Chant,,,,,,,Priest; Worshipper,,
103,School,Learn; Study,,,,Place; Building; Public building; Educational institution,,,,,,,,Education,,City; Town,Brick,,Classrooms; Bell,,,,,,Huge,,Public,Laughter; Shout,,,,,,Day,Child; Student; Teacher,,
104,University,Learn; Lecture; Study,,,,Place; Building; Public building; Educational institution,,,,,,,Medieval,Education; Research,,City,Stone; Brick,,Classrooms,,,,,,Gigantic,,Public,,,,,,,,Student; Scientist; Teacher,,
105,Library,Read; Study,,,,Place; Building; Public building; Cultural institution,,,,,,Calm; Concentration,,Reading; Studying; Book lending,,City; Town,,,Shelves; Tables,,,,,,Huge,Papery,Public,Quiet,,,,,,,Student,Free,
106,Museum,Admire; Visit,,,,Place; Building; Public building; Cultural institution,,,,,,Curiosity; Wonder,,Displaying; Education; Tourism,,City,Stone,,Rooms; Columns,,,,,,Huge,,Public,Quiet; Echo,,,,,,,Student; Tourist,Affordable,
107,Hospital,Visit; Examine,,,,Place; Building; Public building; Medical facility,,,,Infection,,Anxiety; Hope,,Emergency response; Healthcare; Surgery,,City; Town,Concrete,,Rooms; Beds,,,,,,Gigantic,Antiseptic,Public,Siren; Beep,,,,,,,Nurse; Patient,,
108,Pharmacy,Buy; Pay,,,,Place; Building; Shop; Medical facility,,,,,,,,Shopping; Commerce; Medicine supply,,Street; Town,,,Shelves; Counter,,,,,,Large,Antiseptic,Public,,,,,,,,Patient; Customer,,
109,Shop,Buy; Pay,,,,Place; Building; Shop,,,,,,,,Shopping; Commerce,,Street; Town,,,Windows; Shelves; Counter,,,,,,Large,,Public,,,,,,,,Customer,,
110,Supermarket,Buy; Pay,,,,Place; Building; Shop,,,,,,,Modern,Shopping; Commerce,,City; Town,,,Doors; Shelves; Counter,,,,,,Gigantic,,Public,Beep; Announcements,,,,,,,Cashier; Customer,,
111,Bakery,Bake; Buy; Pay,,,,Place; Building; Shop,,,,,,Comfort,,Shopping; Commerce; Bread baking,,Street; Town,,,Shelves; Counter,,,,,,Large,Fresh-baked,Public,,,,,,,Morning,Baker; Customer,,
112,Market,Buy; Sell; Pay,,,,Place; Shop; Outdoor space,,,,,,,Ancient,Shopping; Socializing; Commerce,,Street; Town,,,Tables,,,,,,Huge,Fruity,Public; Crowded,Crowd noise; Shout,,,,,,Morning; Weekend,Farmer; Customer,,
113,Bank,Pay; Store,,,,Place; Building; Public building,,,,Robbery,,Security; Authority,,Security; Banking; Money handling,,City; Town,Stone,,Counter; Columns,,,,,,Huge,,Public,Quiet,,,,,,,Cashier; Customer,,
114,Office,Type; Work; Call,,,,Place; Building; Workplace,,,,,,Concentration; Stress,Modern,Office work,,City,,,Tables; Rooms,,,,,,Large,,,Ring; Typing,,,,,,Day,Office worker; Businessperson,,
115,Factory,Work; Load,,,,Place; Building; Workplace,,,,Pollution; Fumes,,,Industrial,Manufacturing,,City,Steel; Concrete,,Chimney; Gate,,,,,,Gigantic,Chemical,,Clang; Loud,,,,,,,Engineer; Worker,,
116,Warehouse,Work; Load; Unload; Store,,,,Place; Building; Workplace,,,,,,,Industrial,Storing; Shipping,,City,Steel; Concrete,,Doors; Shelves; Ramp,,,,,,Gigantic,,,Beep; Echo,,,,,,,Driver; Worker,,
117,Theater,Watch; Pay; Clap,,,,Place; Building; Entertainment venue,,,,,,Excitement,Ancient,Entertainment; Performance; Acting,,City,,,Seats,,,,,,Gigantic,,Public; Crowded,Music; Applause,,,,,,Evening,Audience,Expensive,
118,Cinema,Watch; Pay,Dark,,,Place; Building; Entertainment venue,,,,,,Excitement; Fun,Modern,Entertainment; Watching,,City,,,Seats; Screen,,,,,,Huge,Buttery,Public; Crowded,Loud; Music,,,,,,Evening,Audience,Affordable,
119,Stadium,Watch; Pay,,,,Place; Building; Sports venue,,,,,,Excitement,,Sports; Entertainment,,City,Steel; Concrete,,Seats; Gate,,,,,Oval,Gigantic,,Public; Crowded,Crowd noise; Cheering,,,,,,Weekend,Athlete; Referee; Audience,,
120,Gym,Exercise; Lift; Run,,,,Place; Building; Sports venue,,,,Strain; Sprains,,Energy,Modern,Sports; Exercise,,City; Town,,,Rooms,,,,,,Huge,Sweaty,Public,Clang; Music,,,,,,,Athlete; Weightlifter,,
121,Restaurant,Pay; Dine,,,,Place; Building; Eating place,,,,,,Comfort; Romance,,Dining; Socializing; Food service,,City; Town,,,Seats; Tables,,,,,,Large,Meaty,Public,Clatter; Clink,,,,,,Evening,Cook; Waiter; Customer,Expensive,
122,Cafe,Read; Sip; Pay,,,,Place; Building; Eating place,,,,,,Calm; Comfort,,Socializing; Food service; Drink service,,City; Town,,,Counter; Tables,,,,,,Large,Coffee,Public,Clink,,,,,,Morning; Afternoon,Waiter; Customer,Affordable,
123,Bar,Sip; Pay,Dark,,,Place; Building; Eating place,,,,Intoxicating,,Fun,,Socializing; Drink service,,City; Town,,,Counter; Tables,,,,,,Large,Alcoholic,Public,Clink; Music; Laughter,,,,,,Night; Evening,Bartender; Customer,Affordable,
124,Hotel,Sleep in; Pay,,,,Place; Building; Public building,,,,,,Comfort,,Lodging; Tourism,,City,,,Rooms; Beds; Elevator,,,,,,Gigantic,,Public,,,,,,,,Tourist; Traveler,Expensive,
125,Barn,Feed; Store,,,,Place; Building; Farm building,,,,,,,Traditional,Storing; Animal housing,,Farm; Countryside,Wood,,Doors; Roof; Walls,,,,,,Huge,Barnyard; Hay,,Moo; Creak,,,,,,,Farmer,,
126,Stable,Ride; Feed,,,,Place; Building; Farm building,,,,,,,Traditional,Animal housing,,Farm; Countryside,Wood,,Doors; Roof; Walls,,,,,,Huge,Barnyard; Hay,,Neigh; Snort,,,,,,,Farmer; Rider,,
127,Farm,Harvest; Feed; Sow,,,,Place; Workplace; Farmland,,,,,,Calm,Ancient,Farming; Growing food; Keeping animals,,Countryside,,,Gate; Fence,,,,,,Gigantic,Barnyard,,Moo; Crowing,,,,,,Morning,Farmer,,
128,Garage,Store; Fix,,,,Place; Building,,,,,,,,Storing; Vehicle repair,,Home; Street,Concrete,,Doors; Roof; Walls,,,,,,Large,Fuel; Oily,,Clang,,,,,,,Mechanic; Driver,,
129,Station,Board; Travel,,,,Place; Building; Transport hub; Infrastructure,,,,,,Excitement; Stress,Industrial,Travel; Transport link,,City; Town; Railway,,,Platform; Rails,,,,,,Gigantic,,Public; Crowded,Whistle; Announcements,,,,,,,Passenger; Commuter,,
130,Airport,Board; Travel,,,,Place; Building; Transport hub; Infrastructure,,,,,,Excitement; Stress,Modern,Travel; Air travel; Transport link,,City,,,Tower; Gate,,,,,,Gigantic,Fuel,Public; Crowded,Roar; Announcements,,,,,,,Pilot; Passenger; Traveler,,
131,Harbor,Load; Unload; Dock,,,,Place; Transport hub; Infrastructure,,,,,,,Ancient,Fishing; Shipping; Transport link,,Coast,,,,,,,,,Gigantic,Briny,Public,Blare; Lapping,,,,,,,Sailor; Fisherman,,
132,Road,Drive; Walk; Cross,,,,Place; Infrastructure,,,,Crashes,,,Ancient,Travel; Transport link,,Town; Countryside,Asphalt,,,,,,,Long,Gigantic,Exhaust,Public,Traffic noise,,,,,,,Driver; Cyclist,,
133,Street,Drive; Walk; Cross,,,,Place; Infrastructure,,,,Crashes,,,,Shopping; Transport link,,City; Town,Asphalt,,,,,,,Long,Huge,Exhaust,Public,Traffic noise; Footsteps,,,,,,,Driver; Pedestrian,,
134,Highway,Drive,,,,Place; Infrastructure,,,,Crashes,,,Modern,Travel; Transport link,,Countryside,Asphalt,,Ramp,,,,,Long; Wide; Straight,Vast,Exhaust,Public,Traffic noise,,,,,,,Driver,,
135,Bridge,Drive; Walk; Cross,,,,Place; Infrastructure,,,,Falls; Collapse,,,Ancient,Crossing; Transport link,,River; Valley,Steel; Stone,,Cable; Columns,,,,,Long; Arched,Gigantic,,,,,,,,,,Driver; Pedestrian,,
136,Tunnel,Drive; Dig,Dark,,,Place; Infrastructure,,,,Crashes; Collapse,,,Industrial,Crossing; Transport link,,Mountain; Underground,Concrete; Rock,,,,,,,Long; Tubular,Gigantic,,,Echo; Traffic noise,,,,,,,Driver; Miner,,
137,Park,Play; Picnic; Stroll,,,,Place; Outdoor space,,,,,,Joy; Calm,,Recreation; Play; Socializing,,City; Town,,,Gate; Fence,,,,,,Gigantic,Grassy,Public,Birdsong; Laughter,,,,,,,Everyone; Child; Runner,Free,
138,Playground,Climb; Slide; Swing; Play,,,,Place; Outdoor space,,,,Falls; Bruises,,Joy; Fun,,Recreation; Exercise; Play,,School; City; Town; Park,Wood; Steel,,Gate; Fence,,,,,,Huge,,Public,Laughter; Shout,,,,,,,Child; Parent,Free,
139,Garden,Dig; Plant; Water; Prune,,,,Place; Outdoor space,,,,,,Joy; Calm,,Decoration; Recreation; Growing plants,,Home,,,Gate; Fence,,,,,,Large,Floral,Private,Birdsong; Buzz,,,,,,Spring; Summer,Gardener; Homeowner,,
140,Zoo,Feed; Observe; Visit,,,,Place; Entertainment venue; Outdoor space,,,,,,Fun; Curiosity; Wonder,,Education; Entertainment; Nature conservation,,City,,,Bars; Gate; Fence,,,,,,Gigantic,Barnyard,Public,Roar; Squawk,,,,,,,Child; Tourist,,
141,Prison,Lock; Guard,,,,Place; Building; Public building,,,,Violence,,Fear; Sadness; Loneliness,,Security; Imprisonment,,City; Town,Steel; Concrete,,Bars; Walls; Gate; Fence,,,,,,Gigantic,,Public,Clang; Shout,,,,,,,Police officer,,
142,Cemetery,Dig; Visit; Pray,,,,Place; Outdoor space,,,,,,Sadness; Grief; Peace,Ancient,Burial,,Town; Church,Stone,,Gate; Fence,,,,,,Huge,Floral,Public,Birdsong; Quiet,,,,,,,Priest,,
143,Shirt,Wear; Button,,,Torso; Arms,Artifact; Clothing; Top,,,,,,,,Covering body,,Office,Cotton,,Buttons; Sleeves; Collar; Cuffs,,,Washable,,,,,,,,,,,,,,,
144,Blouse,Wear; Button,,,Torso; Arms,Artifact; Clothing; Top,,,,,,,,Covering body; Fashion,,Office,Silk,,Buttons; Sleeves; Collar,,,Washable,,,,,,,,,,,Silky,,Woman,,
145,T-shirt,Wear,,,Torso,Artifact; Clothing; Top; Casual wear,Warm,,,,,,,Covering body,,,Cotton,,Sleeves; Neckline,,,Washable,,T-shaped,,,,,,,,,Soft,Summer,Everyone,,
146,Sweater,Wear,,,Torso; Arms,Artifact; Clothing; Top,Cold,,,,,,,Warmth; Covering body,,,Wool,,Sleeves; Cuffs; Neckline,,,Warm,,,,,,,,,,,Soft; Woolly,Winter,,,
147,Hoodie,Wear,,,Head; Torso; Arms,Artifact; Clothing; Top; Casual wear,Cold,,,,,,,Warmth; Covering body,,,Cotton; Fleece,,Hood; Sleeves; Pockets,,,Warm,,,,,,,,,,,Soft,,Teenager,,
148,Jacket,Wear; Zip,,,Torso; Arms,Artifact; Clothing; Outerwear,Windy,,,,,,,Warmth; Covering body,,,Leather,,Sleeves; Collar; Zipper; Pockets,,,Windproof,,,,,,,,,,,,Autumn,,,
149,Coat,Wear; Button,,,Torso; Arms,Artifact; Clothing; Outerwear,Cold,,,,,,,Warmth; Cold protection,,,Wool,,Buttons; Sleeves; Collar; Pockets,,,Warm,,Long,,,,,,,,,,Winter,,,
150,Raincoat,Wear; Zip,,,Torso; Arms,Artifact; Clothing; Outerwear,Rainy,,,,,,,Rain protection,,,Nylon,,Hood; Sleeves; Zipper; Pockets,,,Waterproof,,Long,,,,,,,,,Smooth,,,,
151,Suit,Wear; Button,,,Whole body,Artifact; Clothing; Formal wear,,,,,,,,Covering body; Formality,,Office; Wedding,Wool,,Buttons; Pockets; Pant legs,,,,,,,,,,,,,,Smooth,,Man; Businessperson,Expensive,
152,Dress,Wear; Zip,,,Torso; Legs,Artifact; Clothing,,,,,,,,Covering body; Fashion,,Party; Wedding,Cotton; Silk,,Sleeves; Zipper,,,,,Long,,,,,,,,,,,Woman,,
153,Skirt,Wear; Zip,,,Waist; Legs,Artifact; Clothing; Legwear,,,,,,,,Covering body; Fashion,,,Cotton,,Zipper; Waistband; Pleats,,,,,,,,,,,,,,,Summer,Woman,,
154,Trousers,Wear; Zip; Button,,,Waist; Legs,Artifact; Clothing; Legwear,,,,,,,,Covering body,,Office,Cotton,,Zipper; Pockets; Pant legs; Waistband,,,,,Long,,,,,,,,,,,,,
155,Jeans,Wear; Zip; Button,,,Waist; Legs,Artifact; Clothing; Legwear; Casual wear,,Blue,,,,,,Covering body,,,Denim,,Zipper; Pockets; Pant legs; Waistband,,,Durable,,Long,,,,,,,,,Tough,,Everyone,,
156,Shorts,Wear,,,Waist; Legs,Artifact; Clothing; Legwear; Casual wear,Sunny,,,,,,,Covering body,,Beach,Cotton,,Pockets; Pant legs; Waistband,,,,,Short,,,,,,,,,,Summer,,,
157,Pajamas,Wear,,,Whole body,Artifact; Clothing; Sleepwear,,,,,,Comfort,,Comfort,,Bedroom,Cotton,,Buttons; Sleeves; Pant legs; Waistband,,,Washable,,,,,,,,,,,Soft,Night; Bedtime,,,
158,Robe,Wear; Tie,,,Whole body,Artifact; Clothing; Sleepwear,,,,,,Comfort,,Warmth; Comfort,,Bedroom; Bathroom,Cotton,,Sleeves; Pockets,,,Absorbent,,Long,,,,,,,,,Soft; Fluffy,Morning; Evening,,,
159,Sock,Wear; Put on,,,Feet; Ankles,Artifact; Clothing,,,,,,,,Warmth; Comfort,,,Cotton; Wool,,Heel; Cuffs,,,Washable; Paired,,Tubular,,,,,,,,,Soft; Elastic,,Everyone,,
160,Stocking,Wear; Put on,,,Legs; Feet,Artifact; Clothing,,,,,,,,Covering body; Fashion,,,Silk; Nylon,,Heel,,,Paired; Tearable,,Long; Tubular,,,,,,,,,Elastic; Silky,,Woman,,
161,Shoe,Wear; Lace,,,Feet,Artifact; Footwear,,,,,,,,Foot protection; Walking,,,Rubber; Leather,,Laces; Sole; Heel; Tongue,,,Paired,,,,,,,,,,,,,Everyone,,
162,Boot,Wear; Lace,,,Feet; Ankles,Artifact; Footwear,Rainy; Snowy,,,,,,,Foot protection; Hiking,,Trail,Rubber; Leather,,Laces; Sole; Heel,,,Waterproof; Paired,,Tall,,,,,,,,,Tough,Winter,Hiker; Worker,,
163,Sneaker,Wear; Lace,,,Feet,Artifact; Footwear; Casual wear; Sportswear,,,,,,,,Sports; Running,,Gym,Rubber; Fabric,,Laces; Sole; Tongue,,,Paired; Lightweight,,,,,,,,,,,Flexible,,Athlete; Runner,,
164,Sandal,Wear; Fasten,,,Feet,Artifact; Footwear; Casual wear,Sunny,,,,,,Ancient,Walking,,Beach,Rubber; Leather,,Sole; Strap; Buckle,,,Paired; Open,,Flat,,,,,,,,,,Summer,,,
165,Slipper,Wear; Put on,,,Feet,Artifact; Footwear,,,,,,Comfort,,Warmth; Comfort,,Home; Bedroom,Fabric; Wool,,Sole; Lining,,,Paired; Warm,,,,,,,,,,,Soft,Evening,,,
166,Hat,Wear,,,Head,Artifact; Headwear; Accessory,Sunny,,,,,,,Sun protection; Fashion,,,Wool,,Crown,,,,,Round,Small,,,,,,,,,Summer,,,
167,Cap,Wear; Adjust,,,Head,Artifact; Headwear; Casual wear; Sportswear,Sunny,,,,,,,Sun protection; Sports,,Sports field,Cotton,,Visor; Strap; Crown,,,Adjustable,,Round; Dome-shaped,,,,,,,,,,Summer,Athlete,,
168,Beanie,Wear,,,Head; Ears,Artifact; Headwear,Cold; Snowy,,,,,,,Warmth; Cold protection,,,Wool,,,,,Stretchable; Warm,,Round,,,,,,,,,Soft; Woolly,Winter,,,
169,Helmet,Wear; Fasten,,,Head,Artifact; Headwear; Protective gear,,,,,,,,,,Road; Construction site,Plastic; Foam,,Visor; Padding,,,Adjustable,,Round; Dome-shaped,,,,,,,,,Hard; Padded,,Builder; Cyclist,,
170,Scarf,Wear; Wrap,,,Neck,Artifact; Accessory,Cold; Windy,,,,,,,Warmth; Fashion,,,Wool; Silk,,Fringe,,,Warm,,Rectangular; Long,,,,,,,,,Soft; Woolly,Winter,,,
171,Glove,Wear; Put on,,,Hands; Fingers,Artifact; Accessory,Cold,,,,,,,Warmth,,,Wool; Leather,,Cuffs; Fingers; Thumb,,,Paired; Warm,,,,,,,,,,,Soft,Winter,,,
172,Mitten,Wear; Put on,,,Hands,Artifact; Accessory,Snowy,,,,,,,Warmth; Cold protection,,,Wool,,Cuffs; Thumb,,,Paired; Warm,,Round,,,,,,,,,Soft; Woolly,Winter,Child,,
173,Belt,Wear; Tighten; Fasten,,,Waist,Artifact; Accessory,,,,,,,,Fashion,,,Metal; Leather,,Strap; Buckle; Holes,,,Adjustable,,Long; Narrow,,,,,,,,,Flexible; Tough,,,,
174,Tie,Wear; Tie; Adjust,,,Neck,Artifact; Accessory; Formal wear,,,,,,,,Fashion; Formality,,Office; Wedding,Silk,,Knot,,,,,Long; Narrow,,,,,,,,,Smooth; Silky,,Man; Businessperson,,
175,Apron,Wear; Tie,,,Torso; Waist,Artifact; Clothing; Protective gear,,,,,,,,Protection,,Kitchen; Bakery,Cotton,,Pockets; Strap,,,Washable,,,,,,,,,,,,,Cook; Baker,,
176,Swimsuit,Wear; Swim,,,Torso,Artifact; Clothing; Sportswear,Sunny,,,,,,,Swimming,,Beach; Pool,Nylon,,Lining; Shoulder straps,,,Stretchable,,,,,,,,,,,Smooth; Elastic,Summer,Swimmer,,
177,Ring,Wear; Put on,Shiny; Sparkling,,Fingers,Artifact; Accessory; Jewelry,,,,,,Romance,Ancient,Gift; Adornment,,Wedding; Jewelry shop,Gold; Gemstone,,Gem; Band,,,Durable,,Round; Ring-shaped,Tiny,,,,,,,,Smooth,,,Precious,
178,Necklace,Wear; Fasten,Shiny,,Neck,Artifact; Accessory; Jewelry,,,,,,Elegance,,Gift; Adornment,,Party; Jewelry shop,Gold; Silver,,Chain; Clasp; Pendant,,,,,Long; Loop,Small,,,,,,,,Smooth,,Woman,Expensive,
179,Bracelet,Wear; Fasten,Shiny,,Wrist,Artifact; Accessory; Jewelry,,,,,,,,Gift; Adornment,,Party; Jewelry shop,Gold; Silver,,Chain; Clasp,,,,,Loop,Small,,,Jingle,,,,,Smooth,,Woman,Affordable,
180,Earring,Wear; Put on,Shiny; Sparkling,,Ears,Artifact; Accessory; Jewelry,,,,Allergenic,,,,Fashion; Adornment,,Party; Jewelry shop,Gold,,Clasp,,,Paired,,,Tiny,,,,,,,,Smooth,,Woman,,
181,Crown,Wear,Shiny; Sparkling,,Head,Artifact; Headwear; Jewelry,,,,,,Awe; Authority,Medieval,Adornment; Ruling,,Palace; Museum,Gold; Gemstone,,Gem; Band,,,,,Round; Pointed,,,,,,,,,Hard,,King,Precious,
182,Watch,Wear; Read time,,,Wrist,Artifact; Accessory; Timepiece,,,,,,,,Timekeeping; Adornment,,,Stainless steel; Leather,,Clock face; Clock hands,Battery,,Wearable,,Round,Tiny,,,Tick,,,,,,Hours; Minutes,,Expensive,
183,Glasses,Wear; Look through,Transparent,,Eyes; Nose,Artifact; Accessory; Optical instrument,,,,,,,Medieval,Reading; Vision correction,,,Plastic; Lens glass,,Frame; Lenses; Temples,,,Fragile; Foldable; Wearable,,,Small,,Personal,,,,,,Smooth; Hard,,Elderly,,
184,Sunglasses,Wear; Look through,Dark,,Eyes; Nose,Artifact; Accessory,Sunny,,,,,,,Sun protection; Fashion,,Beach,Plastic; Lens glass,,Frame; Lenses; Temples,,,Foldable; Wearable,,,Small,,,,,,,,Smooth; Hard,Summer,Driver; Tourist,,
185,Umbrella,Open; Fold; Hold,,,Hands,Artifact; Accessory,Rainy,,,,,,Ancient,Rain protection,,Hallway; Street,Metal; Nylon,,Ribs; Handle,,,Waterproof; Portable; Foldable,,Dome-shaped,Medium,,,Patter,,,,,,Autumn,Commuter; Pedestrian,,
186,Wallet,Open; Carry; Pay,,,,Artifact; Accessory,,,,,,,,Storing,,Pocket; Bag,Leather,,Pockets; Slots,,,Foldable; Pocket-sized,,Rectangular; Flat,Small,,Personal,,,,,,Leathery,,Customer,,
187,Handbag,Open; Carry,,,Shoulders; Hands,Artifact; Accessory; Bag,,,,,,,,Carrying; Fashion,,Shop,Fabric; Leather,,Pockets; Strap; Clasp,,,Portable,,Hollow,Small,,Personal,,,,,,Leathery,,Woman,Expensive,
188,Button,Button; Sew,,,Fingers,Artifact; Fastener,,,,Choking hazard,,,,Fastening; Decoration,,Tailor shop,Metal; Plastic,,Holes,,,,,Flat; Disc-shaped,Tiny,,,,,,,,Smooth; Hard,,Tailor,,
189,Zipper,Zip; Pull,,,,Artifact; Fastener,,,,Pinches,,,Modern,Fastening,,Tailor shop,Metal; Nylon,,Teeth; Slide,,,,,Long; Thin,Small,,,Zip,,,,,,,Tailor,,
190,Water,Drink; Pour,Transparent,,,Drink,,Colorless,,,,,,Cooking; Hydration,,Sink,,,,,Filtered,Vital,,,,Odorless,,Splash; Drip,,Liquid,Refreshing; Tasteless,Cool,Watery,Daily,,Cheap,
191,Milk,Drink; Pour,Opaque,,,Drink; Dairy,,White,,Allergenic,,,,Nutrition,,Fridge,,,,,Chilled; Pasteurized,,,,,Milky,,,,Liquid,Mild; Milky,Cold,Smooth,Breakfast; Bedtime,,Cheap,
192,Juice,Drink; Pour,Opaque,,,Drink; Cold drink,,Orange,,Tooth decay,,,,Refreshment,,Fridge,Fruit,,,,Chilled; Squeezed,Vitamin-rich,,,,Fruity,,,,Liquid,Sweet; Fruity,Cold,Watery,Breakfast,,,
193,Lemonade,Drink; Pour,Translucent,,,Drink; Cold drink; Soft drink,,Pale yellow,,Tooth decay,,,,Refreshment,,Picnic,Water,,,,Squeezed; Sweetened,,,,,,,,,Liquid,Sweet; Sour,Cold,Watery,Summer,,Cheap,
194,Soda,Drink,Sparkling,,,Drink; Cold drink; Soft drink,,Brown,,Tooth decay; Unhealthy,,,,Refreshment,,Party,Water; Sugar,,,,Carbonated; Sweetened,High-sugar,North America,,,Sweet,,Pop; Fizz,,Liquid,Sweet,Cold,Fizzy,,,Cheap,
195,Smoothie,Drink,Opaque,,,Drink; Cold drink,,Pink,,,,,,Nutrition,,Cafe,Milk; Fruit,,,,Chilled; Blended,Vitamin-rich,,,,Fruity,,,,Liquid,Sweet; Fruity,Cold,Viscous,Breakfast,,,
196,Milkshake,Drink; Sip,Opaque; Foamy,,,Drink; Dessert; Cold drink,,White,,Unhealthy,,,,,,Diner,Milk; Cream,,,,Chilled; Blended,High-sugar,North America,,,Vanilla,,Slurp,,Liquid,Sweet; Milky,Cold,Creamy; Viscous,,,,
197,Tea,Drink; Sip,Transparent,,,Drink; Hot drink,,Amber,,Scalds,,,,Stimulant,,Cafe,Water; Tea leaves,,,,Brewed,Caffeinated,China,,,,,,,Liquid,Bitter; Mild,Hot,Watery,Afternoon,,,
198,Coffee,Drink; Sip,Opaque,,,Drink; Hot drink,,Dark brown,,Scalds,,,,Stimulant,,Cafe,Water; Coffee beans,,,,Roasted; Brewed,Caffeinated,,,,Coffee,,,,Liquid,Bitter; Rich,Hot,Watery,Morning,,,
199,Espresso,Drink; Sip,Opaque; Foamy,,,Drink; Hot drink,,Dark brown,,Scalds,,,,Stimulant,,Cafe,Water; Coffee beans,,,,Roasted; Brewed,Caffeinated,Italy,,,Coffee,,Hiss,,Liquid,Bitter; Rich,Hot,Watery,Morning,,,
200,Cocoa,Drink; Sip,Opaque,,,Drink; Hot drink,,Brown,,Scalds,,,,Warmth; Comfort,,Home,Milk; Cocoa,,,,Sweetened,,,,,Chocolate,,,,Liquid,Sweet; Chocolatey,Hot,Creamy,Winter; Bedtime,,,
201,Beer,Drink; Pour,Foamy,,,Drink; Cold drink; Alcoholic drink,,Gold,,Intoxicating,,,,Socializing,,Bar,Barley; Hops,,,,Fermented; Brewed,,Germany,,,,,Clink,,Liquid,Bitter,Cold,Fizzy,Evening,,Affordable,
202,Cider,Drink; Pour,Sparkling,,,Drink; Cold drink; Alcoholic drink,,Amber,,Intoxicating,,,,Socializing,,Bar,Yeast; Apples,,,,Fermented; Pressed,,Britain,,,Fruity,,Fizz,,Liquid,Sweet; Tart,Cold,Fizzy,Autumn,,Affordable,
203,Wine,Drink; Sip,Translucent,,,Drink; Alcoholic drink,,Dark red,,Intoxicating; Staining,,,,Cooking; Socializing,,Cellar; Restaurant,Grapes,,,,Fermented; Aged,,France,,,Fruity,,Clink,,Liquid,Fruity; Dry,,Smooth,Dinner,,,
204,Champagne,Drink; Sip,Sparkling,,,Drink; Alcoholic drink,,Pale yellow,,Intoxicating,,,,Celebration,,Party; Wedding,Grapes,,,,Fermented; Aged,,France,,,Fruity,,Pop; Fizz,,Liquid,Fruity; Dry,Cold,Fizzy,Festive occasions,,Luxury,
205,Whiskey,Drink; Sip,Transparent,,,Drink; Alcoholic drink; Spirit,,Amber,,Intoxicating; Addictive,,,,Relaxation,,Bar,Water; Barley,,,,Distilled; Aged,Flammable,Scotland,,,Smoky; Alcoholic,,Clink,,Liquid,Rich; Smoky,,Smooth,Evening,,Expensive,
206,Vodka,Drink,Transparent,,,Drink; Alcoholic drink; Spirit,,Colorless,,Intoxicating; Addictive,,,,Mixing; Socializing,,Bar,Water; Potato,,,,Distilled; Filtered,Flammable,,,,Alcoholic,,,,Liquid,Tasteless,Cold,Watery,,,Affordable,
207,Rum,Drink; Sip,Transparent,,,Drink; Alcoholic drink; Spirit,,Amber,,Intoxicating; Addictive,,,,Baking; Mixing,,Bar,Water,,,,Distilled; Aged,Flammable,Caribbean,,,Sweet; Alcoholic,,,,Liquid,Sweet,,Smooth,,,Affordable,
208,Phone,Call; Text; Swipe,,,,Artifact; Electronic device; Computer; Communication device,,,,Addictive; Eye strain,,,Digital,Calling; Messaging; Internet access; Photography,,Pocket; Bag,Glass; Electronics,,Screen; Speaker; Battery,Battery,,Portable; Rechargeable; Wireless; Pocket-sized; Touch-sensitive,,,Small,,,,,,,,,,Everyone,Expensive,
209,Tablet,Tap; Read; Swipe,,,,Artifact; Electronic device; Computer,,,,Eye strain,,,Digital,Reading; Internet access; Watching,,Living room; Bag,Glass; Electronics,,Screen; Battery,Battery,,Portable; Rechargeable; Wireless; Touch-sensitive,,,Small,,,,,,,,,,Everyone,Expensive,
210,Laptop,Type; Browse; Click,,,,Artifact; Electronic device; Computer,,,,Eye strain,,,Digital,Computing; Internet access; Typing,,Desk; Bag,Aluminum; Electronics,,Screen; Keyboard; Battery,Battery,,Portable; Foldable; Rechargeable; Wireless,,,Small,,,,,,,,,,Student; Office worker,Expensive,
211,Computer,Type; Browse; Click,,,,Artifact; Electronic device; Computer,,,,Eye strain,,,Digital,Computing; Internet access; Gaming,,Office; Desk,Plastic; Electronics,,Screen; Keyboard; Cable,Electricity,,Programmable; Networked; Plug-in,,,Medium,,,,,,,,,,Office worker; Programmer,Expensive,
212,Keyboard,Type; Press,,,,Artifact; Electronic device,,,,Strain,,,Digital,Typing,,Office; Desk,Plastic; Electronics,,Keys; Cable,,,Plug-in,,,Small,,,,,,,,,,Office worker; Programmer,Affordable,
213,Telephone,Call; Dial,,,,Artifact; Electronic device; Communication device,,,,,,,Industrial,Communication; Calling,,Hallway; Office,Plastic; Electronics,,Buttons; Speaker; Cable,Electricity,,Plug-in,,,Small,,,,,,,,,,Everyone; Elderly,Cheap,
214,Television,Switch on; Watch; Change channel,,,,Artifact; Electronic device,,,,Eye strain,,,Modern,Entertainment; Watching,,Living room; Wall,Plastic; Electronics,,Screen; Speaker; Cable,Electricity,,Remote-controlled; Plug-in; Wall-mounted,,,Medium,,,,,,,,,,Everyone,Expensive,
215,Radio,Switch on; Listen; Tune,,,,Artifact; Electronic device; Communication device; Audio device,,,,,,,Modern,Entertainment; Broadcasting; Listening,,Kitchen,Plastic; Electronics,,Speaker; Antenna; Dial,Electricity; Battery,,Portable,,,Small,,,,,,,,,,Everyone; Elderly,Affordable,
216,Speaker,Plug in; Listen,,,,Artifact; Electronic device; Audio device,,,,,,,Modern,Sound output; Amplification,,Living room; Stage,Plastic; Electronics; Magnet,,Knob; Cable; Grille,Electricity,,Amplified; Plug-in,,,Small,,,,,,,,,,Musician,Affordable,
217,Headphones,Wear; Listen,,,,Artifact; Electronic device; Audio device,,,,Hearing damage,,,Modern,Listening; Sound output,,Bag,Plastic; Electronics,,Speaker; Cable; Padding,Battery,,Portable; Wireless; Wearable; Paired,,,Small,,,,,,,,,,Commuter; Teenager,Affordable,
218,Microphone,Hold; Speak,,,,Artifact; Electronic device; Audio device,,,,,,,Modern,Amplification,,Stage; Studio,Steel; Electronics; Mesh,,Cable; Switch; Grille,Electricity,,Handheld; Amplified,,,Small,,,,,,,,,,Singer,Affordable,
219,Camera,Photograph; Focus,,,,Artifact; Electronic device; Optical instrument,,,,,,,Modern,Photography,,Studio; Bag,Plastic; Electronics; Lens glass,,Buttons; Lens; Battery,Battery,,Portable; Rechargeable; Handheld,,,Small,,,,,,,,,,Tourist; Photographer,Expensive,
220,Printer,Print; Scan,,,,Artifact; Electronic device; Machine,,,,,,,Digital,Printing,,Office; Library,Plastic; Electronics,,Buttons; Cable; Ink cartridge,Electricity,,Networked; Plug-in,,,Medium,,,,,,,,,,Student; Office worker,Affordable,
221,Remote,Press; Point; Change channel,,,,Artifact; Electronic device,,,,,,,Modern,Switching,,Living room,Plastic; Electronics,,Buttons; Battery,Battery,,Wireless; Handheld,,,Small,,,,,,,,,,Everyone,Cheap,
222,Console,Play; Press,,,,Artifact; Electronic device; Computer,,,,Addictive; Eye strain,,Fun,Digital,Entertainment; Gaming,,Living room; Bedroom,Plastic; Electronics,,Buttons; Cable,Electricity,,Networked; Plug-in,,,Small,,Multiplayer,,,,,,,,Teenager,Expensive,
223,Calculator,Press; Calculate,,,,Artifact; Electronic device,,,,,,,Modern,Calculating,,Classroom; Desk,Plastic; Electronics,,Buttons; Display; Solar panel,Battery; Solar,,Handheld; Pocket-sized; Numbered,,,Small,,,,,,,,,,Student; Cashier,Cheap,
224,Battery,Charge,,,,Artifact,,,,Toxic; Overheating; Short circuit,,,Industrial,Power supply,,Drawer,Steel; Zinc,,,,,Recyclable; Portable; Disposable,,,Tiny,,,,,,,,,,,Cheap,
225,Charger,Plug in; Charge,,,,Artifact; Electronic device,,,,Electric shock; Overheating,,,Digital,Power supply; Charging,,Bedside; Bag,Copper; Plastic,,Cable; Plug,Electricity,,Portable; Plug-in,,,Small,,,,,,,,,,,Cheap,
226,Cable,Plug in,,,,Artifact,,,,Electric shock; Tripping,,,Industrial,Power supply; Connecting; Charging,,Floor; Drawer,Copper; Plastic,,Plug,,,Conducts electricity,,,Small,,,,,,,,Flexible,,,Cheap,
227,Plug,Plug in; Pull,,,,Artifact,,,,Electric shock,,,Industrial,Power supply; Connecting,,Wall,Brass; Plastic,,Cable,,,Conducts electricity,,,Small,,,,,,,,,,,Cheap,
228,Socket,Plug in; Switch on,,,,Artifact; Fixture,,,,Electric shock; Short circuit,,,Industrial,Power supply; Connecting,,Wall,Brass; Plastic,,Switch; Slots,,,Fixed; Wall-mounted,,,Small,,,,,,,,,,,Cheap,
229,Switch,Switch on; Press; Switch off,,,,Artifact; Fixture,,,,Electric shock,,,Industrial,Switching,,Wall; Doorway,Brass; Plastic,,Lever,,,Fixed; Wall-mounted,,,Tiny,,,,,,,,,,Everyone; Electrician,Cheap,
230,Bulb,Switch on; Twist; Switch off,Glowing; Bright,,,Artifact; Lighting; Light source,,,,Burns; Shatters,,,Industrial,Illumination,,Ceiling,Metal; Glass,,Screw thread,Electricity,,Fragile; Disposable,,,Small,,,,,,,,,,,Cheap,
231,Flashlight,Switch on; Hold; Point; Switch off,Glowing; Bright,,,Artifact; Tool; Light source,,,,,,,Modern,Illumination; Camping,,Campsite; Drawer,Aluminum; Plastic,,Bulb; Battery; Switch,Battery,,Portable; Handheld,,,Small,,,,,,,,,,Camper; Police officer,Cheap,
232,Heater,Plug in; Switch on; Warm hands,,,,Artifact; Home appliance; Heating device,,,,Burns; Fire hazard,,,Modern,Heating; Warmth,,Living room; Bedroom,Steel; Plastic,,Cable; Switch; Heating element,Electricity,,Portable; Plug-in,,,Medium,,,,,,,Hot,,Winter,,Affordable,
233,Vacuum,Plug in; Push; Vacuum,,,,Artifact; Cleaning tool; Home appliance; Machine,,,,,,,Modern,Cleaning,,Floor; Cupboard,Steel; Plastic,,Motor; Cable,Electricity,,Plug-in; Wheeled,,,Medium,,,,,,,,,,Cleaner; Housekeeper,Affordable,
234,Washer,Wash; Load; Unload,,,,Artifact; Home appliance; Machine,,,,,,,Modern,Washing; Laundry,,Bathroom; Laundry,Steel; Plastic,,Motor; Door; Drum,Electricity,,Automatic; Plug-in,,,Medium,,,,,,,,,,Housekeeper,Expensive,Heavy
235,Dryer,Load; Unload; Dry,,,,Artifact; Home appliance; Machine,,,,Fire hazard,,,Modern,Drying; Laundry,,Laundry,Steel; Plastic,,Heating element; Door; Drum,Electricity,,Automatic; Plug-in,,,Medium,,,,,,,Hot,,,Housekeeper,Expensive,Heavy
236,Telescope,Focus; Look through; Stargaze,,,,Artifact; Optical instrument; Scientific instrument,,,,,,,,Research; Magnification; Observation,,,Metal; Lens glass,,Legs; Lens,,,Fragile,,,Medium,,,,,,,,,Night,Scientist,Expensive,
237,Microscope,Focus; Look through; Examine,,,,Artifact; Optical instrument; Scientific instrument,,,,,,,,Research; Magnification; Observation,,Classroom; Laboratory,Metal; Lens glass,,Knob; Lens,,,Fragile,,,Small,,,,,,,,,,Student; Scientist,Expensive,
238,Binoculars,Hold; Focus; Look through,,,,Artifact; Optical instrument,,,,,,,,Magnification; Observation,,Ship; Trail,Metal; Lens glass,,Lens; Strap,,,Fragile; Portable; Handheld; Paired,,,Small,,,,,,,,,,Hunter; Hiker,Expensive,
239,Compass,Hold; Navigate; Check,,,,Artifact; Tool; Measuring tool,,,,,,,Ancient,Navigation; Direction finding,,Ship; Trail,Brass; Glass; Magnet,,Dial; Needle,,,Magnetic; Portable; Pocket-sized,China,,Small,,,,,,,,,,Hiker; Navigator,Cheap,
240,Magnet,Hold; Pull,,,,Artifact; Tool,,,,,,,,Holding,,Classroom; Fridge,Steel; Iron,,,,,Magnetic; Durable,,,Small,,,,,,,,,,Child; Scientist,Cheap,
241,Thermometer,Shake; Measure; Check,,,,Artifact; Tool; Measuring tool; Scientific instrument,,,,Shatters,,,Industrial,Healthcare; Temperature measurement; Weather forecasting,,Hospital; Wall,Glass,,Scale markings,,,Fragile; Handheld; Calibrated,,,Small,,,,,,,,,,Nurse; Parent,Cheap,
242,Robot,Build; Command; Code,,,,Artifact; Electronic device; Machine,,,,,,,Digital,Exploration; Manufacturing,,Factory; Laboratory,Steel; Electronics,,Motor; Hydraulic arm,Electricity; Battery,,Automatic; Programmable,,,Large,,,,,,,,,,Engineer; Programmer,Expensive,
243,Satellite,Launch,,,,Artifact; Spacecraft; Electronic device; Communication device,,,,,,,Modern,Navigation; Communication; Weather forecasting,,Space; Orbit,Aluminum; Electronics,Orbits,Antenna; Solar panel,Solar,,Automatic; Remote-controlled,,,Large,,,,Very fast,,,,,,Scientist; Engineer,Expensive,
244,Elevator,Ride; Press,,,,Artifact; Fixture; Machine,,,,,,,Industrial,Lifting; Vertical transport; Mobility aid,,Office; Hotel,Steel,,Doors; Buttons; Cable,Electricity,,Fixed; Automatic; Enclosed,,,Large,,,,,,,,,,Everyone; Elderly,,
245,Bread,,,,,Food; Baked good; Bread; Staple food,,Brown,Crust,,,,,,,Bakery,Water; Flour; Yeast,,,,Baked; Sliced,,,,Small,Fresh-baked,,,,,Mild,,Soft,,,,
246,Toast,Spread,,,,Food; Baked good; Bread; Breakfast food,,Brown,,,,,,,,,Bread,,,,Toasted; Sliced,,,Flat,Small,,,Crunch,,,Toasty,Warm,Crisp,Breakfast,,,
247,Baguette,,,,,Food; Baked good; Bread,,Brown,Crust,,,,,,,Bakery,Water; Flour; Yeast,,,,Baked,,France,Long,Small,Fresh-baked,,,,,Mild,,Crisp,,,,
248,Bun,,,,,Food; Baked good; Bread,,Brown,,,,,,,,Bakery,Water; Flour; Yeast,,,,Baked,,,Round,Small,Fresh-baked,,,,,Mild,,Soft,,,,
249,Bagel,,,,,Food; Baked good; Bread; Breakfast food,,Brown,,,,,,,,Bakery,Water; Flour; Yeast,,,,Baked; Boiled,,North America,Ring-shaped,Small,Fresh-baked,,,,,Mild,,Chewy,Breakfast,,,
250,Pretzel,,,,,Food; Baked good; Snack,,Brown,,,,,,Snacking,,Bakery,Water; Flour; Yeast; Salt,,,,Baked,,Germany,Loop,Small,Fresh-baked,,,,,Salty,,Chewy,,,,
251,Croissant,,,,,Food; Baked good; Pastry; Breakfast food,,Gold,,,,,,,,Bakery,Flour; Yeast; Butter,,,,Baked,,France,Crescent,Small,Buttery,,,,,Buttery,,Flaky,Breakfast,,,
252,Cake,,,,,Food; Baked good; Dessert,,,Icing,,,,,Celebration,,,Flour; Sugar; Butter; Egg,,,,Baked; Iced,,,Round,Medium,Sweet,,,,,Sweet,,Spongy,Festive occasions,,,
253,Cupcake,,,,,Food; Baked good; Dessert,,,Icing; Wrapper,,,,,Celebration,,,Flour; Sugar; Butter; Egg,,,,Baked; Iced,,,Round,Small,Sweet,,,,,Sweet,,Spongy,Festive occasions,,,
254,Muffin,,,,,Food; Baked good; Breakfast food,,Brown,Wrapper,,,,,,,,Flour; Sugar; Butter; Egg,,,,Baked,,,Round,Small,Sweet,,,,,Sweet,,Soft,Breakfast,,,
255,Cookie,,,,,Food; Baked good; Snack,,Brown,,,,,,Snacking,,,Flour; Sugar; Butter,,,,Baked,,,Round; Flat,Tiny,Sweet,,,,,Sweet,,Crunchy,,,,
256,Cracker,,,,,Food; Baked good; Snack,,Beige,,,,,,Snacking,,,Water; Flour; Salt,,,,Baked,,,Square; Flat,Tiny,,,,,,Salty,,Crisp,,,,
257,Pie,,,,,Food; Baked good; Dessert,,Gold,Crust,,,,,,,,Flour; Sugar; Butter; Fruit,,,,Baked; Filled,,,Round,Medium,Fresh-baked,,,,,Sweet,Warm,Flaky,,,,
258,Pancake,,,,,Food; Breakfast food,,Gold,,,,,,,,,Flour; Milk; Egg,,,,Fried,,,Round; Flat,Small,,,,,,Mild,Warm,Fluffy,Breakfast,,,
259,Waffle,,,,,Food; Breakfast food,,Gold,,,,,,,,,Flour; Milk; Egg,,,,Baked,,,Square,Small,,,,,,Mild,Warm,Crisp,Breakfast,,,
260,Donut,,,,,Food; Pastry; Snack,,Brown,,Unhealthy,,,,Snacking,,,Flour; Sugar; Oil,,,,Deep-fried,,North America,Ring-shaped,Small,Fried,,,,,Sweet,,Soft,,,,
261,Egg,,,,,Food; Breakfast food,,Yellow; White,Shell,Food poisoning,,,,Baking,,,Egg yolk,,,,Fried; Boiled,Fragile,,Oval,Tiny,Sulfurous,,,,,Mild; Rich,,Smooth,Breakfast,,,
262,Omelet,,,,,Food; Dish; Breakfast food,,Yellow,,,,,,,,,Butter; Egg; Cheese,,,,Fried; Folded,,France,Flat,Small,,,,,,Savory; Buttery,Hot,Fluffy,Breakfast,,,
263,Cheese,,,,,Food; Dairy,,Yellow,Rind,,,,,Sandwich filling; Topping,,Fridge,Salt; Milk,,,,Pressed; Aged; Curdled,Melts,,Wedge-shaped,Small,Pungent; Cheesy,,,,,Salty; Cheesy,,Firm,,,,
264,Butter,Spread,,,,Food; Dairy; Spread,,Pale yellow,Wrapper,,,,,Baking; Frying; Spreading,,Fridge,Salt; Cream,,,,Churned,Melts,,Rectangular,Small,Buttery,,,,Soft solid,Rich; Buttery,Cold,Greasy; Creamy,Breakfast,,,
265,Yogurt,,,,,Food; Dairy; Breakfast food,,White,,,,,,,,Fridge,Milk,,,,Fermented; Chilled,,,,Small,Milky,,,,Soft solid,Sour; Tangy,Cold,Smooth; Creamy,Breakfast,,,
266,Cream,Pour,,,,Food; Dairy,,White,,,,,,Baking; Topping,,Fridge,Milk,,,,Chilled,,,,,Milky,,,,Liquid,Rich; Milky,Cold,Smooth; Viscous,,,,
267,Gelato,Lick,,,,Food; Dessert; Dairy,,,,,,,,Refreshment,,Cafe,Sugar; Milk; Cream,,,,Frozen; Churned,Melts,Italy,Round,Small,,,,,Soft solid,Sweet; Milky,Freezing,Smooth; Creamy,Summer,,,
268,Chocolate,,,,,Food; Snack; Confection,,Dark brown,Wrapper,Tooth decay,,,,Gift,,,Sugar; Milk; Cocoa,,,,Roasted; Ground; Molded,Melts,,Rectangular; Flat,Small,Chocolate,,,,,Sweet; Rich; Chocolatey,,Smooth; Brittle,Festive occasions,,,
269,Candy,,,,,Food; Snack; Confection,,Multicolored,Wrapper,Tooth decay,,,,,,,Sugar; Syrup,,,,Boiled; Molded,,,,Tiny,Sweet,,,,,Sweet; Fruity,,Hard; Sticky,Festive occasions,,,
270,Lollipop,Lick,,,,Food; Confection,,Multicolored,Wrapper,Tooth decay,,,,,,Fair,Sugar; Syrup,,,,Boiled; Molded,,,Round,Tiny,Sweet,,,,,Sweet; Fruity,,Hard; Sticky,,,,
271,Honey,Pour,,,,Food; Sweetener; Spread,,Amber,,,,,,Medicine; Sweetening; Spreading,,Hive,Nectar,,,,Extracted; Filtered,Non-perishable,,,,Sweet; Floral,,,,Liquid,Sweet; Floral,,Sticky; Viscous,Breakfast,,,
272,Jam,Spread,,,,Food; Spread,,Red,,,,,,Preserving; Spreading,,Cupboard,Sugar; Fruit,,,,Boiled; Sweetened,,,,,Fruity,,,,,Sweet; Fruity,,Sticky,Breakfast,,,
273,Sugar,,,,,Food; Sweetener,,White,,Tooth decay; Unhealthy,,,,Sweetening; Baking; Preserving,,Kitchen,,,,,Refined; Extracted,Soluble,Caribbean,,Tiny,Odorless,,,,Granular,Sweet,,Dry; Grainy,,,,
274,Salt,,,,,Food; Seasoning; Mineral,,White,,Unhealthy,,,,Seasoning; Preserving,,Kitchen; Table,,,,,Mined; Evaporated,Soluble,,,Tiny,Odorless,,,,Granular,Salty,,Dry; Grainy,,,,
275,Peppercorn,,,,,Food; Spice; Seasoning,,Black,,Irritant,,,,Seasoning,,Table,,,,,Dried; Ground,,India,Round,Tiny,,,,,,Peppery; Pungent,,Hard; Dry,,,,
276,Flour,,,,,Food; Staple food,,White,,Allergenic,,,,Bread making; Thickening; Baking,,Kitchen; Bakery,Wheat,,,,Milled; Sieved,,,,,,,,,Powder,Bland,,Dry; Powdery; Fine,,,,
277,Pizza,,,,,Food; Fast food; Dish,,,Crust,,,,,,,Restaurant,Cheese; Tomato; Dough,,,,Baked; Sliced,,Italy,Round; Flat,Medium,Cheesy,,,,,Savory; Cheesy,Hot,Chewy,Dinner,,,
278,Pasta,,,,,Food; Staple food; Pasta,,Pale yellow,,,,,,,,,Flour; Egg,,,,Boiled; Dried,,Italy,,,,,,,,Mild; Starchy,Hot,Firm,Dinner,,,
279,Spaghetti,,,,,Food; Pasta,,Pale yellow,,,,,,,,,Water; Flour,,,,Boiled; Dried,,Italy,Long; Thin,,,,,,,Mild; Starchy,Hot,Firm,Dinner,,,
280,Noodle,,,,,Food; Staple food; Pasta,,Pale yellow,,,,,,,,,Water; Flour,,,,Boiled; Stir-fried,,China,Long; Thin,,,,,,,Mild; Starchy,Hot,Soft,,,,
281,Soup,Sip,,,,Food; Dish,,,,Scalds,,,,Warmth,,,Vegetables; Broth,,,,Simmered,,,,,,,Slurp,,Liquid,Savory,Hot,Watery,Winter; Dinner,,,
282,Stew,,,,,Food; Dish,,Brown,,,,,,Warmth,,,Meat; Vegetables; Broth,,,,Stewed; Simmered,,,,,Meaty,,,,Liquid,Savory; Rich,Hot,Tender,Winter; Dinner,,,
283,Curry,,,,,Food; Dish,,Orange,,,,,,,,Restaurant,Meat; Vegetables; Spices,,,,Stewed; Simmered,,India,,,Spicy,,,,Liquid,Spicy; Rich,Hot,Tender,Dinner,,,
284,Salad,,,,,Food; Dish,,Green,,,,,,,,,Vegetables; Oil; Lettuce,,,,,,,,,Fresh,,,,,Tangy; Refreshing,Cold,Crisp,Summer; Lunch,,,
285,Sandwich,,,,,Food; Snack; Dish,,,,,,,,,,Picnic,Cheese; Bread,,,,Sliced; Layered,,Britain,Layered,Small,,,,,,Savory,Cold,Soft,Lunch,,,
286,Burger,,,,,Food; Fast food; Dish,,Brown,,Unhealthy,,,,,,Diner,Cheese; Beef; Bread,,,,Grilled; Layered,,North America,Round; Layered,Small,Meaty,,,,,Savory; Meaty,Hot,Juicy,Lunch,,,
287,Hotdog,,,,,Food; Fast food; Dish,,,,Unhealthy,,,,,,Stadium,Bread,,,,Grilled,,North America,Long,Small,Meaty,,,,,Salty; Savory,Hot,Juicy,Lunch,,,
288,Taco,,,,,Food; Fast food; Dish,,Yellow,Shell,,,,,,,,Corn; Lettuce,,,,Fried; Filled; Folded,,Mexico,Curved,Small,Meaty,,,,,Savory; Spicy,Warm,Crunchy,Lunch,,,
289,Fries,,,,,Food; Snack; Fast food,,Gold,,Unhealthy,,,,Side dish; Dipping,,,Salt; Potato; Oil,,,,Deep-fried; Salted,,,Stick-shaped,Tiny,Fried,,,,,Salty; Starchy,Hot,Crisp,,,,
290,Chips,,,,,Food; Snack,,Gold,Wrapper,Unhealthy,,,,Snacking,,Party,Salt; Potato; Oil,,,,Deep-fried; Sliced; Salted,,,Thin; Disc-shaped,Tiny,,,Crunch,,,Salty,,Crunchy,,,,
291,Popcorn,,,,,Food; Snack,,White,,,,,,Snacking,,,Salt; Butter; Corn,,,,Salted; Popped,,North America,Irregular,Tiny,Buttery,,Pop,,,Salty; Buttery,Warm,Crunchy,,,,
292,Porridge,,,,,Food; Dish; Breakfast food,,Beige,,,,,,Warmth,,,Milk; Oats,,,,Boiled,,Scotland,,,,,,,Soft solid,Bland,Hot,Creamy,Breakfast,,,
293,Cereal,,,,,Food; Breakfast food,,Gold,,,,,,,,,Sugar; Milk; Corn,,,,Toasted,,North America,,Tiny,,,Crunch,,,Sweet; Toasty,Cold,Crunchy,Breakfast,,,
294,Ketchup,Squeeze,,,,Food; Condiment,,Red,,,,,,Topping; Dipping,,Table,Sugar; Tomato; Vinegar,,,,Blended; Bottled,,North America,,,Vinegary,,,,Paste,Sweet; Tangy,,Smooth; Viscous,,,,
295,Mustard,Spread,,,,Food; Condiment,,Yellow,,,,,,Seasoning; Topping,,Table,Vinegar,,,,Ground; Bottled,,France,,,Pungent,,,,Paste,Tangy; Pungent,,Smooth; Viscous,,,,
296,Mayonnaise,Spread,,,,Food; Condiment,,Cream,,Unhealthy,,,,Dipping; Spreading,,Fridge,Oil; Vinegar; Egg yolk,,,,Chilled; Blended,,France,,,,,,,Paste,Tangy; Rich,Cold,Smooth; Creamy,,,,
297,Vinegar,Pour,,,,Food; Condiment,,Colorless,,,,,,Seasoning; Preserving; Cleaning,,Cupboard,Water; Grapes,,,,Fermented; Bottled,Non-perishable,,,,Pungent; Vinegary,,,,Liquid,Sour; Vinegary,,Watery,,,,
298,Oil,Pour,,,,Food; Condiment,,Gold,,Fire hazard,,,,Cooking; Frying,,Kitchen,Seeds,,,,Pressed; Refined,Flammable,Mediterranean,,,,,,,Liquid,Mild,,Slippery; Oily,,,,
299,Steak,Cut; Chew,,,,Food; Meat; Dish,,Red; Brown,,,,,,,,Restaurant; Barbecue,Beef,,,,Fried; Grilled,,,Flat; Thick,Small,Meaty,,Sizzle,,,Savory; Meaty,Hot,Juicy; Tender,Dinner,,Expensive,
300,Sausage,,,,,Food; Meat,,Brown,,Unhealthy,,,,,,Barbecue,Fat; Pork; Spices,,,,Fried; Stuffed,,Germany,Cylindrical; Long,Small,Smoky; Meaty,,Sizzle,,,Salty; Meaty,Hot,Greasy; Juicy,Breakfast,,,
301,Bacon,,,,,Food; Meat; Cured meat; Breakfast food,,Reddish-brown,,Unhealthy,,,,Sandwich filling,,,Salt; Pork,,,,Fried; Smoked; Cured,,,Long; Thin,Small,Smoky; Fried,,Sizzle,,,Salty; Smoky,Hot,Greasy; Crisp,Breakfast,,,
302,Ham,,,,,Food; Meat; Cured meat,,Pink,,Unhealthy,,,,Sandwich filling; Topping,,Fridge,Salt; Pork,,,,Smoked; Cured; Sliced,,,Flat; Thin,Small,Smoky; Meaty,,,,,Salty; Meaty,Cold,Moist; Tender,Lunch; Festive occasions,,,
303,Sushi,Dip,,,,Food; Dish,,Pink; White,,Food poisoning,,,,,,Restaurant,Rice,,,,Eaten raw; Sliced; Rolled,,Japan,Compact; Rolled,Tiny,Briny,,,,,Savory; Tangy,Cold,Sticky; Tender,Dinner,,Expensive,
304,Dumpling,Dip,,,,Food; Dish,,White,,,,,,,,Restaurant,Pork; Dough,,,,Steamed; Filled; Folded,,China,Crescent,Tiny,Meaty,,,,,Savory; Meaty,Hot,Soft; Juicy,Lunch; Festive occasions,,,
305,Tofu,,,,,Food,,White,,Allergenic,,,,,,,Water; Soybeans,,,,Pressed; Curdled; Stir-fried,,China,Box-shaped,Small,Odorless,,,,Soft solid,Mild; Bland,,Smooth; Soft,,,,
306,Apple,,,,,Food; Produce; Fruit; Pome fruit,Temperate,Red,Thin skin,,,,,Pie filling,Grows on tree,,,,Pips; Core,,Eaten raw; Baked,,,Round,Small,,,,,,Sweet,,Crisp,Autumn,,,
307,Pear,,,,,Food; Produce; Fruit; Pome fruit,Temperate,Green,Thin skin,,,,,,Grows on tree,,,,Pips; Core,,Eaten raw; Baked,,,Pear-shaped,Small,,,,,,Sweet,,Juicy,Autumn,,,
308,Peach,,,,,Food; Produce; Fruit; Stone fruit,Warm,Orange,Fuzz,,,,,,Grows on tree,,,,Stone,,Eaten raw; Canned,,,Round,Small,,,,,,Sweet,,Juicy,Summer,,,
309,Nectarine,,,,,Food; Produce; Fruit; Stone fruit,Warm,Orange,Thin skin,,,,,,Grows on tree,,,,Stone,,Eaten raw,,,Round,Small,,,,,,Sweet,,Juicy,Summer,,,
310,Apricot,,,,,Food; Produce; Fruit; Stone fruit,Warm,Orange,Thin skin,,,,,Jam,Grows on tree,,,,Stone,,Eaten raw; Dried,,,Round,Small,,,,,,Sweet; Tart,,Soft,Summer,,,
311,Plum,,,,,Food; Produce; Fruit; Stone fruit,Temperate,Purple,Thin skin,,,,,Jam,Grows on tree,,,,Stone,,Eaten raw; Dried,,,Oval,Small,,,,,,Sweet; Tart,,Juicy,Summer,,,
312,Cherry,,,,,Food; Produce; Fruit; Stone fruit,Temperate,Red,Thin skin,,,,,Pie filling,Grows on tree,,,,Stone; Stalk,,Eaten raw,,,Round,Tiny,,,,,,Sweet,,Juicy,Summer,,,
313,Lemon,,,,,Food; Produce; Fruit; Citrus,Warm,Yellow,Peel,,,,,Garnish; Flavoring,Grows on tree,,,,Pips; Segments,,Squeezed,,,Oval,Small,,,,,,Sour,,Juicy,Winter,,,
314,Lime,,,,,Food; Produce; Fruit; Citrus,Tropical,Green,Peel,,,,,Garnish; Flavoring,Grows on tree,,,,Pips; Segments,,Squeezed,,,Oval,Small,,,,,,Sour,,Juicy,,,,
315,Orange,,,,,Food; Produce; Fruit; Citrus,Warm,Orange,Peel,,,,,Juice,Grows on tree,,,,Pips; Segments,,Juiced; Peeled,,,Round,Small,,,,,,Sweet,,Juicy,Winter,,,
316,Mandarin,,,,,Food; Produce; Fruit; Citrus,Warm,Orange,Peel,,,,,Snacking,Grows on tree,,,,Segments,,Peeled,,,Round,Small,,,,,,Sweet,,Juicy,Winter,,,
317,Grapefruit,,,,,Food; Produce; Fruit; Citrus,Warm,Yellow,Peel,,,,,Juice,Grows on tree,,,,Pips; Segments,,Juiced,,,Round,Small,,,,,,Sour; Bitter,,Juicy,Winter; Breakfast,,,
318,Banana,,,,,Food; Produce; Fruit; Tropical fruit,Tropical,Yellow,Peel,,,,,Snacking,Grows in clusters,,,,,,Eaten raw; Peeled,,,Long; Curved,Small,,,,,,Sweet,,Soft,,,,
319,Pineapple,,,,,Food; Produce; Fruit; Tropical fruit,Tropical,Yellow,Rind,,,,,,Grows on low plant,,,,Core,,Sliced; Canned,,,Oval,Medium,,,,,,Sweet; Tart,,Juicy,,,,
320,Mango,,,,,Food; Produce; Fruit; Stone fruit; Tropical fruit,Tropical,Orange,Peel,,,,,Juice,Grows on tree,,,,Stone,,Peeled; Sliced,,,Oval,Small,,,,,,Sweet,,Juicy,Summer,,,
321,Papaya,,,,,Food; Produce; Fruit; Tropical fruit,Tropical,Orange,Peel,,,,,,Grows on tree,,,,Seeds,,Peeled; Sliced,,,Pear-shaped,Medium,,,,,,Sweet,,Soft,,,,
322,Coconut,,,,,Food; Produce; Fruit; Tropical fruit,Tropical,Brown,Shell; Husk,,,,,Oil production,Grows on palm,,,,,,Dried; Grated,,,Round,Small,,,,,,Mild; Nutty,,Hard,,,,
323,Kiwi,,,,,Food; Produce; Fruit,Warm,Green; Brown,Fuzz,,,,,,Grows on vine,,,,Seeds,,Peeled; Sliced,,,Oval,Small,,,,,,Sweet; Tart,,Juicy,,,,
324,Grape,,,,,Food; Produce; Fruit; Berry,Warm,Purple,Thin skin,,,,,Wine making,Grows on vine; Grows in clusters,,,,Pips,,Eaten raw,,,Round,Tiny,,,,,,Sweet,,Juicy,Autumn,,,
325,Raisin,,,,,Food; Produce; Fruit; Dried fruit,,Brown,Thin skin,,,,,Snacking; Baking,,,,,,,Dried,,,Oval,Tiny,,,,,,Sweet,,Chewy; Wrinkled,,,,
326,Strawberry,,,,,Food; Produce; Fruit; Berry,Temperate,Red,,,,,,Jam,Grows on low plant,,,,Seeds; Stalk,,Eaten raw; Made into jam,,,Heart-shaped,Tiny,,,,,,Sweet,,Juicy,Summer,,,
327,Raspberry,,,,,Food; Produce; Fruit; Berry,Temperate,Red,,,,,,Jam,Grows on bush,,,,Seeds,,Eaten raw; Made into jam,,,Round,Tiny,,,,,,Sweet; Tart,,Soft,Summer,,,
328,Blackberry,,,,,Food; Produce; Fruit; Berry,Temperate,Black,,,,,,Jam,Grows on bush; Wild-growing,,,,Seeds,,Eaten raw; Made into jam,,,Round,Tiny,,,,,,Sweet; Tart,,Juicy,Autumn,,,
329,Blueberry,,,,,Food; Produce; Fruit; Berry,Temperate,Blue,Thin skin,,,,,Baking,Grows on bush,,,,,,Eaten raw; Baked,,,Round,Tiny,,,,,,Sweet,,Juicy,Summer,,,
330,Cranberry,,,,,Food; Produce; Fruit; Berry,Temperate,Red,Thin skin,,,,,Sauce,Grows on low plant,,,,,,Dried; Juiced,,,Round,Tiny,,,,,,Sour; Tart,,Firm,Autumn; Festive occasions,,,
331,Watermelon,,Striped,,,Food; Produce; Fruit; Melon,Warm,Red; Green,Rind,,,,,,Grows on vine,,,,Seeds,,Chilled; Sliced,,,Oval,Medium,,,,,,Sweet; Refreshing,,Juicy,Summer,,,
332,Melon,,,,,Food; Produce; Fruit; Melon,Warm,Orange; Beige,Rind,,,,,,Grows on vine,,,,Seeds,,Chilled; Sliced,,,Round,Medium,,,,,,Sweet,,Juicy,Summer,,,
333,Fig,,,,,Food; Produce; Fruit,Warm,Purple,Thin skin,,,,,,Grows on tree,,,,Seeds,,Eaten raw; Dried,,,Teardrop,Small,,,,,,Sweet; Rich,,Soft,Autumn,,,
334,Date,,,,,Food; Produce; Fruit; Dried fruit,Arid,Brown,Thin skin,,,,,Snacking,Grows in clusters; Grows on palm,,,,Stone,,Dried,,,Oval,Tiny,,,,,,Sweet; Rich,,Sticky; Chewy,,,,
335,Pomegranate,,,,,Food; Produce; Fruit,Warm,Red,Rind,,,,,Juice,Grows on tree,,,,Seeds,,Juiced,,,Round,Small,,,,,,Sweet; Tart,,Juicy,Autumn,,,
336,Avocado,,,,,Food; Produce; Fruit,Tropical,Green,Peel,,,,,Salad; Spreading,Grows on tree,,,,Stone,,Sliced; Mashed,,,Pear-shaped,Small,,,,,,Mild; Buttery,,Creamy,,,,
337,Olive,,,,,Food; Produce; Fruit,Warm,Green; Black,Thin skin,,,,,Oil production; Garnish,Grows on tree,,,,Stone,,Pickled; Pressed,,,Oval,Tiny,,,,,,Bitter; Salty,,Firm,Autumn,,,
338,Walnut,,,,,Food; Produce; Nut,Temperate,Brown,Shell,Allergenic,,,,Baking,Grows on tree,,,,Kernel,,Baked; Shelled,,,Round,Tiny,,,,,,Bitter; Nutty,,Crunchy,Autumn,,,
339,Hazelnut,,,,,Food; Produce; Nut,Temperate,Brown,Shell,Allergenic,,,,Baking,Grows on bush,,,,Kernel,,Roasted; Shelled,,,Round,Tiny,,,,,,Sweet; Nutty,,Crunchy,Autumn,,,
340,Almond,,,,,Food; Produce; Nut,Warm,Tan,Shell,Allergenic,,,,Baking,Grows on tree,,,,Kernel,,Roasted; Shelled,,,Teardrop,Tiny,,,,,,Sweet; Nutty,,Crunchy,Autumn,,,
341,Peanut,,,,,Food; Produce; Nut; Legume,Warm,Tan,Shell,Allergenic,,,,Snacking; Spreading,Grows underground,,,,Kernel,,Roasted; Salted,,,Oval,Tiny,,,,,,Nutty,,Crunchy,,,,
342,Cashew,,,,,Food; Produce; Nut,Tropical,Cream,Shell,Allergenic,,,,Snacking,Grows on tree,,,,Kernel,,Roasted; Salted,,,Kidney-shaped,Tiny,,,,,,Nutty; Buttery,,Crunchy,,,,
343,Pistachio,,,,,Food; Produce; Nut,Warm,Green,Shell,Allergenic,,,,Flavoring; Snacking,Grows on tree,,,,Kernel,,Roasted; Salted,,,Oval,Tiny,,,,,,Nutty,,Crunchy,,,,
344,Chestnut,,,,,Food; Produce; Nut,Temperate,Brown,Shell; Husk,,,,,Snacking,Grows on tree,,,,Kernel,,Roasted; Peeled,,,Round,Tiny,,,,,,Sweet; Starchy,,Soft,Autumn; Winter,,,
345,Chair,Sit on,,,,Artifact; Furniture; Seating,,,,,,,,Sitting,,Kitchen; Dining room,Wood,,Seat; Legs; Backrest,,,,,,Medium,,,Creak,,,,,Hard,,,,Light
346,Stool,Sit on,,,,Artifact; Furniture; Seating,,,,,,,,Sitting,,Kitchen; Bar,Wood,,Seat; Legs,,,,,Round,Medium,,,,,,,,Hard,,,,Light
347,Bench,Sit on,,,,Artifact; Furniture; Seating,,,,,,,,Sitting; Resting,,Garden; Park,Wood,,Seat; Legs; Backrest,,,,,Long,Large,,Shared,,,,,,Hard,,,,Heavy
348,Armchair,Sit on,,,,Artifact; Furniture; Seating,,,,,,Comfort,,Sitting; Resting,,Living room,Wood; Fabric,,Seat; Backrest; Armrests; Cushions,,,Upholstered,,,Medium,,,,,,,,Soft; Padded,,,,Medium weight
349,Sofa,Sit on; Lie on,,,,Artifact; Furniture; Seating,,,,,,Comfort,,Sitting; Resting,,Living room,Wood; Fabric,,Seat; Backrest; Armrests; Cushions,,,Upholstered,,Long,Large,,Shared,,,,,,Soft; Padded,,,,Heavy
350,Table,Dine,,,,Artifact; Furniture,,,,,,,,Dining,,Kitchen; Dining room,Wood,,Legs; Tabletop,,,,,Flat,Large,,Shared,,,,,,Hard,,,,Medium weight
351,Desk,Work; Study,,,,Artifact; Furniture,,,,,,,,Studying,,Office; Classroom,Wood,,Legs; Drawers; Tabletop,,,,,Flat,Large,,,,,,,,Hard,,Student; Office worker,,Medium weight
352,Bed,Lie on; Sleep in,,,,Artifact; Furniture,,,,,,Comfort,,Sleeping; Resting,,Bedroom; Hotel,Wood,,Legs; Frame; Mattress,,,,,Rectangular; Flat,Large,,,Creak,,,,,Soft,Night,,,Heavy
353,Crib,Sleep in,,,,Artifact; Furniture,,,,,,,,Sleeping,,Nursery,Wood,,Legs; Frame; Mattress; Bars,,,,,Rectangular,Medium,,,,,,,,,Night,Baby,,Medium weight
354,Hammock,Lie on; Swing,,,,Artifact; Furniture,,,,Falls,,Calm,,Relaxation; Resting,,Beach; Garden,Canvas; Rope,,Net,,,Portable,,Long; Curved,Medium,,,Creak,,,,,Flexible,Summer,,,Light
355,Mattress,Lie on,,,,Artifact; Bedding,,,,,,Comfort,,Sleeping,,Bedroom; Hotel,Fabric; Foam,,Springs; Padding,,,,,Rectangular; Thick,Large,,,,,,,,Soft; Springy,,,,Heavy
356,Pillow,Lie on,,,,Artifact; Bedding,,,,Allergenic,,Comfort,,Sleeping; Comfort,,Bedroom,Fabric; Feathers,,Cover; Padding,,,Washable,,Rectangular,Small,,,,,,,,Soft; Fluffy,Night,,,Light
357,Cushion,Sit on,,,,Artifact; Decoration,,,,,,Comfort,,Sitting; Decoration; Comfort,,Living room,Fabric; Foam,,Cover; Padding,,,Washable,,Square,Small,,,,,,,,Soft; Padded,,,,Light
358,Blanket,Fold; Wrap,,,,Artifact; Bedding,,,,,,Comfort,,Warmth; Comfort,,Bedroom; Picnic,Wool,,,,,Washable; Warm,,Rectangular; Flat,Medium,,,,,,,,Soft; Woolly,Winter,,,Light
359,Wardrobe,Open,,,,Artifact; Furniture; Storage furniture,,,,,,,,Storing clothes,,Bedroom,Wood,,Doors; Shelves; Rails,,,Freestanding,,Box-shaped; Tall,Large,,,Creak,,,,,Hard,,,,Heavy
360,Cabinet,Open; Store,,,,Artifact; Furniture; Storage furniture,,,,,,,,Storing; Displaying,,Living room; Office,Wood,,Doors; Shelves,,,Lockable,,Box-shaped,Large,,,,,,,,Hard,,,,Medium weight
361,Cupboard,Open; Store,,,,Artifact; Furniture; Storage furniture,,,,,,,,,,Kitchen,Wood,,Doors; Shelves,,,Built-in; Wall-mounted,,Box-shaped,Large,,,,,,,,Hard,,,,Medium weight
362,Dresser,Pull,,,,Artifact; Furniture; Storage furniture,,,,Pinches,,,,Storing clothes,,Bedroom,Wood,,Drawers; Tabletop; Knob,,,Freestanding,,Box-shaped,Large,,,Scraping,,,,,Hard,,,,Medium weight
363,Shelf,Display; Dust,,,,Artifact; Furniture; Storage furniture,,,,,,,,Storing; Displaying,,Living room; Wall,Wood,,,,,Wall-mounted,,Flat; Long,Medium,,,,,,,,Hard,,,,Light
364,Bookcase,Store; Dust,,,,Artifact; Furniture; Storage furniture,,,,,,,,Displaying; Storing books,,Living room; Library,Wood,,Frame; Shelves,,,Freestanding,,Box-shaped; Tall,Large,,,,,,,,Hard,,,,Heavy
365,Lamp,Switch on; Switch off,Glowing,,,Artifact; Lighting; Light source,,,,,,,,Reading; Illumination,,Desk; Bedside,Metal; Fabric,,Bulb; Switch,Electricity,,Plug-in,,,Small,,,Click,,,,,,Evening,,,Light
366,Chandelier,Switch on,Glowing; Sparkling,,,Artifact; Lighting; Decoration; Light source,,,,Shatters,,Elegance,,Decoration; Illumination,,Ceiling; Palace,Brass,,Bulb; Chain; Pendant,Electricity,,Fragile,,Branching,Large,,,,,,,,,,,Luxury,Heavy
367,Lantern,Carry; Hang; Light,Glowing; Flickering,,,Artifact; Lighting; Light source,,,,Fire hazard,,,Traditional,Illumination; Camping,,Mine; Campsite,Metal; Glass,,Handle; Glass pane; Wick,,,Portable; Windproof,,Cylindrical,Small,,,Hiss,,,,,,Night,,,Light
368,Curtain,Hang,,,,Artifact; Decoration,,,,,,,,Shade; Privacy,,Living room; Bedroom,Fabric,,Rails; Pleats,,,Washable,,Long,Medium,,,Swish,,,,,Soft,Night,,,Light
369,Carpet,Vacuum; Step on,,,,Artifact; Floor covering,,,,Staining,,,,Comfort; Floor covering,,Living room; Floor,Wool; Nylon,,Fibers,,,Fixed,,Flat,Large,,,,,,,,Soft,,,,Heavy
370,Rug,Shake; Vacuum; Step on,Patterned,,,Artifact; Decoration; Floor covering,,,,Tripping; Staining,,,,Decoration; Comfort; Floor covering,,Living room; Floor,Wool,,Fibers; Fringe,,,Portable,Middle East,Rectangular; Flat,Medium,,,,,,,,Soft,,,,Light
371,Door,Open; Close,,,,Artifact; Fixture,,,,Pinches,,,,Entry; Security,,Hallway; Doorway,Wood,,Hinges; Knob; Lock,,,Lockable; Hinged,,Rectangular; Flat; Tall,Large,,,Creak,,,,,Hard,,,,Heavy
372,Gate,Open; Close,,,,Artifact; Fixture,,,,Pinches,,,,Entry; Enclosure; Security,,Garden,Wood; Iron,,Hinges; Lock; Bars,,,Lockable; Hinged,,Rectangular,Medium,,,Clang; Creak,,,,,Hard,,,,Medium weight
373,Fence,Climb; Paint,,,,Artifact; Fixture,,,,Splinters,,,,Privacy; Enclosure,,Garden; Pasture,Wood; Wire,,Rails; Gate,,,Fixed,,Long,Large,,,,,,,,Rough,,,,
374,Window,Open; Close; Look through,Transparent,,,Artifact; Fixture,,,,Falls; Shatters,,,,,,Wall,Wood; Glass,,Frame; Hinges; Glass pane,,,Fragile; Hinged,,Rectangular; Flat,Medium,,,Rattle,,,,,Smooth,,,,Medium weight
375,Stairs,Climb; Step on,,,,Artifact; Fixture,,,,Falls; Tripping,,,,Climbing; Vertical transport,,Hallway,Wood; Concrete,,Rails,,,Fixed,,Stepped; Sloped,Large,,,Creak; Footsteps,,,,,Hard,,,,
376,Fireplace,Light; Warm hands,Glowing; Flickering,,,Artifact; Fixture; Heating device,,,,Burns; Fire hazard,,Comfort,Traditional,Heating; Comfort,,Living room,Stone; Brick,,Chimney; Flame; Grille,,,Built-in,,Arched,Large,,,Crackle,,,,Hot,Rough,Evening; Winter,,,
377,Radiator,Turn; Warm hands,,,,Artifact; Fixture; Heating device,,,,Burns,,,Industrial,Drying; Heating,,Wall,Steel; Iron,,Pipes; Valve,Gas,,Wall-mounted,,Rectangular; Flat,Medium,,,Gurgle,,,,Warm,Ridged,Winter,,,Heavy
378,Fan,Plug in; Switch on,,,,Artifact; Home appliance; Cooling device,,,,,,,,Cooling,,Bedroom; Office,Metal; Plastic,,Motor; Grille,Electricity,,Plug-in,,Round,Small,,,Hum; Whir,,,,Cool,,Summer,,,Light
379,Bathtub,Fill,,,,Artifact; Fixture,,,,Drowning; Slipping,,Calm,,Bathing,,Bathroom,Steel,,Plug; Tap,,,Waterproof; Fixed,,Oval; Deep,Large,,Private,Splash,,,,Warm,Smooth; Slippery,Evening,,,Heavy
380,Shower,Rinse,,,,Artifact; Fixture,,,,Slipping; Scalds,,,,,,Bathroom; Gym,Glass,,Nozzle; Tap,,,Waterproof; Fixed,,Tall,Large,,Private,Patter,,,,Warm,Smooth; Slippery,Morning,,,
381,Toilet,Sit on,,,,Artifact; Fixture,,,,,,,,,,Bathroom,Porcelain,,Seat; Bowl; Tank,,,Fixed,,Bowl-shaped,Medium,,Private,Flush,,,,,Smooth; Hard,,,,Heavy
382,Mirror,Check,Shiny,,,Artifact; Decoration,,,,Shatters,,,,Reflection; Grooming,,Bathroom; Wall,Wood; Glass,,Frame,,,Fragile; Wall-mounted,,Flat,Medium,,,,,,,,Smooth,,,,Light
383,Clock,Set; Read time,,,,Artifact; Timepiece,,,,,,,Medieval,Timekeeping,,Wall,Plastic; Glass,,Clock face; Clock hands,Battery,,Wall-mounted,,Round,Small,,,Tick; Chime,,,,,,Hours; Minutes,,,Light
384,Vase,Fill; Display,,,,Artifact; Container; Decoration,,,,Shatters,,Elegance,Ancient,Displaying; Decoration,,Table; Windowsill,Glass; Ceramic,,Neck; Base,,,Fragile,China; Greece,Tall; Hollow,Small,,,,,,,,Smooth,,,,Light
385,Painting,Hang; Admire,Colorful,,,Artifact; Decoration,,,,,,,,Decoration; Art,,Wall,Wood; Canvas; Paint,,Frame,,,Wall-mounted,,Rectangular; Flat,Medium,,,,,,,,,,Artist,Expensive,Light
386,Pen,Write,,,,Artifact; Writing tool; Stationery,,,,,,,,Writing,,Desk; Pocket,Plastic; Ink,,Tip; Ink cartridge,,,,,Long; Thin,Small,,,Click,,,,,,,Student; Office worker,,
387,Pencil,Write,,,,Artifact; Writing tool; Stationery,,,,,,,,Writing; Drawing,,Desk; Pencil case,Wood; Graphite,,Tip,,,Erasable,,Long; Thin,Small,,,Scratching,,,,,,,Student; Artist,,
388,Crayon,Draw,Colorful,,,Artifact; Writing tool; Stationery,,,,,,,,Drawing; Coloring,,Classroom; Pencil case,Wax,,Tip,,,,,Stick-shaped,Tiny,Waxy,,,,,,,Waxy,,Child,,
389,Eraser,Rub,,,,Artifact; Stationery,,,,,,,,Erasing,,Desk; Pencil case,Rubber,,,,,,,Rectangular,Tiny,,,,,,,,Rubbery,,Student,,
390,Paper,Write; Fold,,,,Artifact; Stationery,,,,Cuts,,,,Writing; Wrapping; Printing,,Office; Desk,Wood pulp,,,,,Flammable; Recyclable,,Flat; Thin,Small,,,Rustle,,,,,Smooth,,Student; Office worker,,
391,Notebook,Open; Write,,,,Artifact; Stationery,,,,,,,,Writing,,Desk; Bag,Paper; Cardboard,,Pages; Cover; Spine,,,Portable,,Rectangular; Flat,Small,,,,,,,,,,Student,,
392,Book,Open; Read,,,,Artifact; Printed matter,,,,,,,,Reading; Education,,Library; Shelf,Paper; Cardboard,,Pages; Cover; Spine; Text,,,Portable,,Rectangular,Small,Papery,,Rustle,,,,,,,Student,,
393,Newspaper,Read; Fold,Printed,,,Artifact; Printed matter,,,,,,,,Reading,,Shop; Cafe,Paper; Ink,,Pages; Text; Pictures,,,Recyclable; Disposable,,Flat; Thin,Small,Papery,,Rustle,,,,,,Daily,Commuter,,
394,Envelope,Open,,,,Artifact; Stationery,,,,,,,,Packaging; Communication,,Desk; Post office,Paper,,Flap,,,,,Rectangular; Flat,Small,,,,,,,,,,,,
395,Stapler,Press,,,,Artifact; Tool; Stationery,,,,Pricks,,,,,,Office; Desk,Steel; Plastic,,Springs; Hinges,Muscle,,,,,Small,,,Click,,,,,,,Office worker,,
396,Tape,Pull; Cut,Transparent,,,Artifact; Fastener; Stationery,,,,,,,,Sticking; Wrapping; Sealing,,Desk; Drawer,Plastic,,,,,Adhesive,,Thin; Rolled,Small,,,,,,,,Sticky,,Everyone,,
397,Glue,Squeeze; Spread,,,,Artifact; Stationery,,,,Fumes,,,,Joining; Sticking,,Workshop; Desk,Resin,,Screw cap; Nozzle,,,Adhesive,,,Small,Chemical,,,,,,,Sticky,,Child; Carpenter,,
398,Broom,Sweep,,,,Artifact; Cleaning tool,,,,,,,,Sweeping,,Kitchen; Cupboard,Wood; Bristle,,Handle; Bristles,Muscle,,,,Long,Medium,,,Swish,,,,,,,Cleaner,,
399,Mop,Wipe,,,,Artifact; Cleaning tool,,,,Slipping,,,,Mopping,,Bathroom; Cupboard,Plastic; Cotton,,Handle,Muscle,,Absorbent,,Long,Medium,,,Sloshing,,,,,,,Cleaner,,
400,Bucket,Fill; Carry,,,,Artifact; Container,,,,,,,,Carrying; Cleaning,,Garden; Cupboard,Metal; Plastic,,Handle; Rim,,,Stackable,,Cylindrical; Hollow,Medium,,,Splash,,,,,,,Cleaner,,
401,Sponge,Scrub; Squeeze,,,,Artifact; Cleaning tool,,,,,,,,Wiping; Dishwashing,,Bathroom; Sink,Foam,,Holes,Muscle,,Absorbent,,Rectangular,Small,,,,,,,,Spongy; Porous,,Everyone,,
402,Towel,Hang; Dry,,,,Artifact; Toiletry,,,,,,,,Drying,,Beach; Bathroom,Cotton,,,,,Absorbent; Washable,,Rectangular; Flat,Medium,,,,,,,,Soft; Fluffy,,Everyone; Swimmer,,
403,Soap,Wash,Foamy,,Hands,Artifact; Toiletry,,,,Slipping; Irritant,,,,Bathing; Handwashing,,Bathroom; Sink,Fat; Oil,,,,,Soluble,,Oval,Small,,,,,,,,Smooth; Slippery,,Everyone,,
404,Toothbrush,Rinse; Brush,,,Mouth; Teeth,Artifact; Toiletry,,,,,,,,Cleaning teeth,,Bathroom,Plastic; Nylon,,Handle; Bristles,Muscle,,,,Long; Thin,Small,,Personal,,,,,,,Morning; Bedtime,Everyone,,
405,Comb,Style; Comb,,,Hair,Artifact; Toiletry,,,,,,,,Grooming,,Bathroom; Pocket,Plastic,,Teeth,Muscle,,,,Flat,Small,,Personal,,,,,,,,Everyone; Barber,,
406,Razor,Rinse; Shave,,,Face,Artifact; Cutting tool; Toiletry,,,,Cuts,,,,Shaving,,Bathroom; Barbershop,Steel; Plastic,,Head; Handle; Blade,Muscle,,Disposable,,T-shaped,Small,,Personal,Scraping,,,,,Sharp,Morning,Man; Barber,,
407,Candle,Blow; Light,Flickering,,,Artifact; Decoration; Light source,,,,Burns; Fire hazard,,Romance,Ancient,Celebration; Decoration; Illumination,,Church; Table,Wax,,Wick; Flame,,,Melts,,Cylindrical,Small,Waxy,,,,,,,Waxy,Evening,,,
408,Match,Strike; Light,,,,Artifact; Tool,,,,Burns; Fire hazard,,,,Fire starting,,Kitchen; Campsite,Wood,,Head; Shaft,,,Flammable; Disposable,,Thin; Stick-shaped,Tiny,Sulfurous,,Hiss; Scratching,,,,,,,Camper,,
409,Lighter,Light; Click,,,,Artifact; Tool,,,,Burns; Fire hazard,,,,Fire starting,,Campsite; Pocket,Metal; Plastic,,Wheel; Tank; Flame,Gas,,Portable,,Compact,Tiny,,,Hiss; Click,,,,,,,Camper,,
410,Key,Lock; Turn; Unlock,,,,Artifact; Tool,,,,,,,,Opening; Security,,Pocket; Doorway,Brass,,Blade; Teeth,,,Portable,,Flat; Jagged,Tiny,,Personal,Jingle; Click,,,,,,,Driver; Homeowner,,
411,Lock,Lock; Unlock,,,,Artifact; Fastener,,,,,,,,Fastening; Security,,Doorway,Steel; Brass,,Springs; Slot,,,Durable,,Compact,Small,,,Click,,,,,,,Cyclist; Homeowner,,
412,Bag,Carry; Pack,,,Hands,Artifact; Container; Bag,,,,Suffocation,,,,Carrying; Shopping,,Shop; Supermarket,Plastic; Fabric,,Handle,,,Portable; Foldable,,Hollow,Medium,,,Rustle,,,,,,,Customer,,
413,Backpack,Wear; Pack,,,Shoulders; Back,Artifact; Bag,,,,Strain,,,,Carrying; Travel,,School; Trail,Fabric; Nylon,,Zipper; Pockets; Shoulder straps,,,Portable; Wearable,,,Medium,,,Zip,,,,,Padded,,Student; Hiker,,
414,Suitcase,Pull; Pack,,,,Artifact; Container; Bag,,,,Strain,,,,Carrying; Travel,,Airport; Hotel,Plastic; Fabric,,Handle; Wheels; Zipper,,,Portable; Lockable; Wheeled,,Box-shaped,Medium,,,Rumble,,,,,,,Tourist; Traveler,,
415,Basket,Fill; Carry,,,,Artifact; Container,,,,,,,Ancient,Carrying; Storing,,Market; Picnic,Plant fiber,,Handle,,,Lightweight,,Round; Hollow,Medium,,,Creak,,,,,,,,,
416,Box,Open; Stack; Pack,,,,Artifact; Container,,,,,,,,Storing; Packaging; Delivery,,Attic; Warehouse,Cardboard,,Lid,,,Recyclable; Stackable,,Box-shaped; Hollow,Medium,,,Thud,,,,,,,,,
417,Barrel,Fill; Roll; Tap,,,,Artifact; Container,,,,,,,Traditional,Wine making; Storing,,Cellar; Warehouse,Wood; Iron,,Band; Tap,,,Durable,,Cylindrical; Hollow,Large,,,Rumble,,,,,,,,,
418,Can,Open,,,,Artifact; Container,,,,Cuts,,,Industrial,Preserving; Packaging,,Supermarket; Cupboard,Aluminum; Tin,,Lid; Rim,,,Recyclable; Airtight,,Cylindrical; Hollow,Small,,,Clatter; Pop,,,,,,,Everyone,,
419,Coin,Pay; Flip,Shiny,,,Artifact; Money,,,,Choking hazard,,,Ancient,Commerce,,Pocket; Bank,Copper,,Edge,,,Durable,,Flat; Disc-shaped,Tiny,,,Jingle; Clink,,,,,,,Cashier; Customer,,
420,Banknote,Fold; Pay,Printed,,,Artifact; Money,,,,,,,,Commerce,,Pocket; Bank,Paper,,Text; Pictures,,,Foldable; Tearable,,Rectangular; Thin,Small,,,Rustle,,,,,,,Cashier; Customer,,
421,Ant,,,,,Living thing; Animal; Insect; Invertebrate; Social insect,,Black,Exoskeleton,Bites,Omnivore; Seeds,,,,Lays eggs; Metamorphosis,Underground,,Crawls,Antennae; Six legs; Mandibles,,,,,,Tiny,,Colony,,,,,,,,,,
422,Termite,,,,,Living thing; Animal; Insect; Invertebrate; Pest; Social insect,,White,Exoskeleton,,Herbivore; Wood,,,,Lays eggs,Underground,,Crawls,Antennae; Six legs; Mandibles,,,,,,Tiny,,Colony,,,,,,,,,,
423,Bee,,Striped,Pollinates; Makes honey,,Living thing; Animal; Insect; Invertebrate; Social insect,,Yellow; Black,Exoskeleton,Stings,Herbivore; Nectar,,,Honey source; Pollination,Lays eggs; Metamorphosis,Hive,,Flies,Wings; Antennae; Stinger; Six legs,,,,,,Tiny,,Colony,Buzz,,,,,,,,,
424,Bumblebee,,Striped,Pollinates,,Living thing; Animal; Insect; Invertebrate; Social insect,,Yellow; Black,Exoskeleton; Fuzz,Stings,Herbivore; Nectar,,,Pollination,Lays eggs; Metamorphosis,Meadow,,Flies,Wings; Antennae; Stinger; Six legs,,,,,Round,Tiny,,Colony,Buzz,,,,,,,,,
425,Wasp,,Striped,Makes paper nest,,Living thing; Animal; Insect; Invertebrate; Predator; Pest; Social insect,,Yellow; Black,Exoskeleton,Stings,Omnivore; Insects,,,,Lays eggs; Metamorphosis,Garden,,Flies,Wings; Antennae; Stinger; Six legs,,,,,Slender,Tiny,,Colony,Buzz,,,,,,,,,
426,Hornet,,Striped,Makes paper nest,,Living thing; Animal; Insect; Invertebrate; Predator; Social insect,,Yellow; Brown,Exoskeleton,Stings,Carnivore; Insects,,,,Lays eggs; Metamorphosis,Woodland,,Flies,Wings; Antennae; Stinger; Six legs,,,,,,Tiny,,Colony,Buzz,,,,,,,,,
427,Fly,,,,,Living thing; Animal; Insect; Invertebrate; Pest,,Black,Exoskeleton,Spreads disease,Scavenger; Garbage,,,,Lays eggs; Metamorphosis,Kitchen,,Flies,Wings; Six legs; Compound eyes,,,,,,Tiny,,,Buzz,,,,,,,,,
428,Mosquito,,,Sucks blood,,Living thing; Animal; Insect; Invertebrate; Pest; Parasite,,Gray,Exoskeleton,Bites; Spreads disease,Blood,,,,Lays eggs; Metamorphosis,Swamp,,Flies,Wings; Six legs; Proboscis,,,,,Slender,Tiny,,Swarm,Whine,,,,,,Nocturnal,,,
429,Butterfly,,Colorful,Pollinates,,Living thing; Animal; Insect; Invertebrate,,Orange,Exoskeleton,,Herbivore; Nectar,,,Pollination,Lays eggs; Metamorphosis,Garden,,Flies; Flutters,Wings; Antennae; Six legs; Proboscis,,,,,,Tiny,,Solitary,,,,,,,,,,
430,Moth,,Camouflaged,,,Living thing; Animal; Insect; Invertebrate; Pest,,Brown,Exoskeleton,,Herbivore; Nectar,,,,Lays eggs; Metamorphosis,Garden,,Flies; Flutters,Wings; Antennae; Six legs; Proboscis,,,,,,Tiny,,Solitary,,,,,,,Nocturnal,,,
431,Caterpillar,,Camouflaged,,,Living thing; Animal; Insect; Invertebrate; Pest,,Green,Skin,Damages crops,Herbivore; Leaves,,,,Metamorphosis; Larval stage,,,Crawls,Mandibles; Segmented body; Many legs,,,,,Long,Tiny,,Solitary,,,,,,,,,,
432,Beetle,,Shiny,Plays dead,,Living thing; Animal; Insect; Invertebrate,,Black,Exoskeleton,,Herbivore; Leaves,,,,Lays eggs; Metamorphosis,Forest,,Flies; Crawls,Antennae; Six legs; Wing cases,,,,,Oval,Tiny,,Solitary,,,,,,,,,,
433,Ladybug,,Spotted,Plays dead,,Living thing; Animal; Insect; Invertebrate; Predator,,Red; Black,Exoskeleton,,Carnivore; Aphids,,,Pest control,Lays eggs; Metamorphosis,Garden,,Flies; Crawls,Antennae; Six legs; Wing cases,,,,,Round,Tiny,,Solitary,,,,,,,,,,
434,Firefly,,Glowing,Glows,,Living thing; Animal; Insect; Invertebrate,,Black,Exoskeleton,,Carnivore,,,,Lays eggs; Metamorphosis,Meadow,,Flies,Antennae; Six legs; Wing cases,,,,,,Tiny,,,,,,,,,Nocturnal,,,
435,Grasshopper,,Camouflaged,Chirps by rubbing,,Living thing; Animal; Insect; Invertebrate,,Green,Exoskeleton,,Herbivore; Grass,,,,Lays eggs; Molts,Meadow,,Jumps; Flies,Antennae; Six legs; Strong hind legs,,,,,,Tiny,,Solitary,Chirp,,,,,,,,,
436,Cricket,,,Chirps by rubbing,,Living thing; Animal; Insect; Invertebrate,,Black,Exoskeleton,,Omnivore; Seeds,,,Bait,Lays eggs; Molts,Meadow,,Jumps; Crawls,Antennae; Six legs; Strong hind legs,,,,,,Tiny,,Solitary,Chirp,,,,,,Nocturnal,,,
437,Locust,,,Swarms,,Living thing; Animal; Insect; Invertebrate; Pest,,Brown,Exoskeleton,Damages crops; Famine,Herbivore,,,,Lays eggs; Molts,Farmland,,Jumps; Flies,Antennae; Six legs; Strong hind legs,,,,Africa,,Tiny,,Swarm,Chirp,,,,,,,,,
438,Dragonfly,,Iridescent,Hunts on the wing,,Living thing; Animal; Insect; Invertebrate; Predator,,Blue,Exoskeleton,,Carnivore; Insects,,,Pest control,Lays eggs; Metamorphosis,Pond,,Flies; Hovers,Wings; Six legs; Compound eyes,,,,,Long,Tiny,,Solitary,,,,,,,,,,
439,Cockroach,,Shiny,Hides in cracks,,Living thing; Animal; Insect; Invertebrate; Pest,,Brown,Exoskeleton,Spreads disease,Scavenger; Garbage,,,,Lays eggs; Molts,Kitchen,,Scurries,Wings; Antennae; Six legs,,,,,Flat,Tiny,,,,,,,,,Nocturnal,,,
440,Flea,,,Sucks blood,,Living thing; Animal; Insect; Invertebrate; Pest; Parasite,,Brown,Exoskeleton,Bites; Itching,Blood,,,,Lays eggs; Metamorphosis,Animal fur,,Jumps,Six legs; Strong hind legs,,,,,,Tiny,,,,,,,,,,,,
441,Mantis,,Camouflaged,Ambushes,,Living thing; Animal; Insect; Invertebrate; Predator,,Green,Exoskeleton,,Carnivore; Insects,,,Pest control,Lays eggs; Molts,Meadow,,Crawls,Six legs; Compound eyes,,,,,Slender,Tiny,,Solitary,,,,,,,,,,
442,Cicada,,,Sings,,Living thing; Animal; Insect; Invertebrate,,Brown,Exoskeleton,,Herbivore,,,,Lays eggs; Molts,Tree,,Flies,Wings; Six legs; Compound eyes,,,,,,Tiny,,Swarm,Buzz,,,,,,Summer,,,
443,Spider,,,Spins web,,Living thing; Animal; Arachnid; Invertebrate; Predator,,Brown,Exoskeleton,Bites; Venomous,Carnivore; Insects,,,Pest control,Lays eggs; Molts,,,Crawls,Fangs; Eight legs; Many eyes,,,,,,Tiny,,Solitary,,,,,,,,,,
444,Scorpion,,,Hides in cracks,,Living thing; Animal; Arachnid; Invertebrate; Predator,,Tan,Exoskeleton,Stings; Venomous,Carnivore; Insects,,,,Live birth; Molts,Desert,,Crawls,Pincers; Stinger; Eight legs,,,,,,Tiny,,Solitary,,,,,,,Nocturnal,,,
445,Tick,,,Sucks blood,,Living thing; Animal; Arachnid; Invertebrate; Pest; Parasite,,Brown,Exoskeleton,Bites; Spreads disease,Blood,,,,Lays eggs; Molts,Animal fur,,Crawls,Eight legs,,,,,Flat,Tiny,,,,,,,,,,,,
446,Centipede,,,Avoids light,,Living thing; Animal; Invertebrate; Predator,,Brown,Exoskeleton,Bites; Venomous,Carnivore; Insects,,,,Lays eggs; Molts,Soil,,Scurries,Antennae; Segmented body; Many legs,,,,,Long,Tiny,,Solitary,,,,,,,Nocturnal,,,
447,Worm,,,Tunnels; Avoids light,,Living thing; Animal; Invertebrate,,Pink,Moist skin,,,,,Fertilizer; Bait,Lays eggs,Soil,,Burrows,Segmented body,,,,,Long,Tiny,,,,,,,,,,,,
448,Snail,,,Retracts into shell; Leaves slime trail,,Living thing; Animal; Mollusk; Invertebrate; Pest,,Brown,Shell,Damages crops,Herbivore; Leaves,,,Delicacy,Lays eggs,Garden,,Crawls,Foot; Eyestalks; Spiral shell,,,,,Coiled,Tiny,,,,Very slow,,,,,Nocturnal,,,
449,Slug,,,Leaves slime trail,,Living thing; Animal; Mollusk; Invertebrate; Pest,,Black,Slime,Damages crops,Herbivore; Leaves,,,,Lays eggs,Garden,,Crawls,Foot; Eyestalks,,,,,Long,Tiny,,,,Very slow,,,,,Nocturnal,,,
450,Snake,,Patterned,Swallows prey whole,,Living thing; Animal; Reptile; Predator; Snake,,Green,Scales,Bites,Carnivore; Small mammals,,,,Lays eggs; Sheds skin,Grassland,,Slithers,Fangs; Forked tongue,,,,,Long,Small,,Solitary,Hiss,,,,,,,,,
451,Cobra,,,Swallows prey whole,,Living thing; Animal; Reptile; Predator; Snake,,Brown,Scales,Venomous; Deadly,Carnivore; Small mammals,,,,Lays eggs; Sheds skin,Jungle,,Slithers,Fangs; Forked tongue; Hood,,,,India,Long,Medium,,Solitary,Hiss,,,,,,,,,
452,Python,,Patterned,Constricts prey,,Living thing; Animal; Reptile; Predator; Snake,,Brown,Scales,,Carnivore; Small mammals,,,Leather source,Lays eggs; Sheds skin,Jungle,,Climbs; Slithers,Sharp teeth; Forked tongue,,,,,Long,Large,,Solitary,Hiss,,,,,,Nocturnal,,,
453,Rattlesnake,,Patterned,Ambushes,,Living thing; Animal; Reptile; Predator; Snake,,Brown,Scales,Venomous,Carnivore; Small mammals,,,,Live birth; Sheds skin,Desert,,Slithers,Fangs; Forked tongue; Rattle,,,,North America,Long,Medium,,Solitary,Rattle,,,,,,Nocturnal,,,
454,Viper,,Patterned,Basks,,Living thing; Animal; Reptile; Predator; Snake,,Gray,Scales,Venomous,Carnivore; Small mammals,,,,Live birth; Sheds skin,Woodland,,Slithers,Fangs; Forked tongue,,,,Europe,Thick,Small,,Solitary,Hiss,,,,,,,,,
455,Lizard,,,Basks; Drops tail,,Living thing; Animal; Reptile; Lizard,,Brown,Scales,,Insectivore; Insects,,,,Lays eggs; Sheds skin,Rocks,,Climbs; Scurries,Claws; Long tail,,,,,,Small,,Solitary,,,,,,,,,,
456,Gecko,,Spotted,Drops tail,,Living thing; Animal; Reptile; Pet; Lizard,,Tan,Scales,,Insectivore; Insects,,,Pest control,Lays eggs; Sheds skin,Wall,,Climbs; Scurries,Long tail,,,,,,Tiny,,Solitary,Chirp,,,,,,Nocturnal,,,
457,Iguana,,,Basks,,Living thing; Animal; Reptile; Pet; Lizard,,Green,Scales,,Herbivore; Leaves,,,,Lays eggs; Sheds skin,Jungle,,Climbs; Swims,Claws; Crest; Long tail,,,,South America,,Medium,,Solitary,,,,,,,,,,
458,Chameleon,,Camouflaged,Changes color; Shoots tongue,,Living thing; Animal; Reptile; Lizard,,Green,Scales,,Insectivore; Insects,,,,Lays eggs; Sheds skin,Jungle,,Climbs,Long tongue; Prehensile tail,,,,Africa,,Small,,Solitary,,,,,,,,,,
459,Crocodile,,,Ambushes; Basks,,Living thing; Animal; Reptile; Predator; Crocodilian,,,Scales,Deadly,Carnivore; Meat,,,Leather source,Lays eggs,River,,Swims; Crawls,Sharp teeth; Long tail; Powerful jaws,,,,Africa,Long,Large,,,Growl,,,,,,,,,
460,Alligator,,,Ambushes; Basks,,Living thing; Animal; Reptile; Predator; Crocodilian,,Black,Scales,Bites,Carnivore; Meat,,,Leather source,Lays eggs,Swamp,,Swims; Crawls,Sharp teeth; Long tail; Powerful jaws,,,,North America,Long,Large,,,Bellow,,,,,,,,,
461,Turtle,,,Homing,,Living thing; Animal; Reptile,,Green,Shell,,Omnivore,,,,Lays eggs; Migrates,Ocean,,Swims,Flippers; Beak,,,,,Oval,Large,,Solitary,,,,,,,,,,
462,Tortoise,,,Retracts into shell,,Living thing; Animal; Reptile; Pet,,Brown,Shell,,Herbivore; Grass,,,Companionship,Lays eggs; Long-lived,Scrubland,,Walks,Claws; Beak; Short legs,,,,,Dome-shaped,Small,,Solitary,,Very slow,,,,,,,,
463,Frog,,,Shoots tongue,,Living thing; Animal; Amphibian,,Green,Moist skin,,Insectivore; Insects,,,Pest control,Lays eggs; Metamorphosis,Pond,,Jumps; Swims,Webbed feet; Long tongue,,,,,,Tiny,,,Croak,,,,,,Nocturnal,,,
464,Toad,,,Shoots tongue,,Living thing; Animal; Amphibian,,Brown,Skin,Poisonous,Insectivore; Insects,,,Pest control,Lays eggs; Metamorphosis,Garden,,Hops,Long tongue; Poison glands,,,,,,Tiny,,Solitary,Croak,,,,,,Nocturnal,,,
465,Salamander,,Spotted,Regenerates limbs,,Living thing; Animal; Amphibian,,Yellow; Black,Moist skin,Poisonous,Carnivore; Worms,,,,Lays eggs; Metamorphosis,Woodland,,Crawls,Short legs; Long tail; Poison glands,,,,,Long,Tiny,,Solitary,,,,,,,Nocturnal,,,
466,Newt,,Spotted,Regenerates limbs,,Living thing; Animal; Amphibian,,Brown,Moist skin,Poisonous,Carnivore; Worms,,,,Lays eggs; Metamorphosis,Pond,,Swims; Crawls,Crest; Short legs; Flat tail,,,,,Long,Tiny,,Solitary,,,,,,,Nocturnal,,,
467,Spoon,Stir; Scoop,,,,Artifact; Cutlery,,,,,,,,Eating; Scooping,,Table; Drawer,Stainless steel,,Handle; Bowl,,,,,,Small,,,,,,,,,,Everyone,,
468,Teaspoon,Stir,,,,Artifact; Cutlery,,,,,,,,Measuring,,Table; Drawer,Stainless steel,,Handle; Bowl,,,,,,Tiny,,,Clink,,,,,,,Everyone,,
469,Fork,Pick,,,,Artifact; Cutlery,,,,Pricks,,,,Eating,,Table; Drawer,Stainless steel,,Handle; Tines,,,,,,Small,,,,,,,,,,Everyone,,
470,Knife,Cut; Spread,,,,Artifact; Cutting tool; Cutlery,,,,Cuts,,,,Cutting; Eating,,Table; Drawer,Stainless steel,,Handle; Blade,,,,,,Small,,,,,,,,Sharp,,Everyone,,
471,Chopsticks,Pick,,,,Artifact; Cutlery,,,,,,,,Eating,,Restaurant; Table,Wood; Bamboo,,,,,Paired,Japan; China,Thin; Stick-shaped,Small,,,,,,,,,,Everyone,,
472,Ladle,Pour; Scoop,,,,Artifact; Kitchen utensil,,,,,,,,Serving; Scooping,,Kitchen,Stainless steel,,Handle; Bowl,,,,,Long,Small,,,,,,,,,,Cook,,
473,Spatula,Flip,,,,Artifact; Kitchen utensil,,,,,,,,,,Kitchen,Plastic,,Handle; Blade,,,,,Flat,Small,,,,,,,,,,Cook,,
474,Whisk,Beat,,,,Artifact; Kitchen utensil,,,,,,,,Whisking; Mixing,,Kitchen,Stainless steel,,Handle; Loop,Muscle,,,,Teardrop,Small,,,,,,,,,,Cook; Baker,,
475,Tongs,Squeeze,,,,Artifact; Kitchen utensil,,,,,,,,Gripping; Serving,,Kitchen; Barbecue,Stainless steel,,Jaws; Handle; Hinges,,,,,Long,Small,,,,,,,,,,Cook,,
476,Cup,Fill; Sip,,,,Artifact; Tableware; Drinkware,,,,,,,,Drinking,,Table; Cupboard,Ceramic,,Handle; Rim,,,Fragile,,Round; Hollow,Small,,,Clink,,,,Hot,Smooth,,Everyone,,
477,Mug,Fill; Sip,,,,Artifact; Drinkware,,,,,,,,Drinking,,Desk; Cupboard,Ceramic,,Handle; Rim,,,Fragile,,Cylindrical; Hollow,Small,,,,,,,Hot,Smooth,,Everyone,,
478,Glass,Fill; Sip,Transparent,,,Artifact; Tableware; Drinkware,,,,Cuts; Shatters,,,,Drinking,,Table; Cupboard,Glass,,Rim; Base,,,Fragile,,Cylindrical; Hollow,Small,,,Clink,,,,Cold,Smooth,,Everyone,,
479,Goblet,Sip,Transparent,,,Artifact; Tableware; Drinkware,,,,Shatters,,,,Drinking,,Dining room; Table,Glass,,Stem; Rim; Base,,,Fragile,,Bowl-shaped; Hollow,Small,,,Ringing; Clink,,,,,Smooth,,,,
480,Bottle,Open; Pour,Transparent,,,Artifact; Container,,,,Shatters,,,,Storing; Pouring,,Cellar; Fridge,Plastic; Glass,,Neck; Screw cap,,,Recyclable,,Cylindrical; Hollow,Small,,,Clink,,,,,Smooth,,Everyone,,
481,Jar,Open; Twist,Transparent,,,Artifact; Container,,,,Shatters,,,,Preserving; Storing,,Cupboard,Glass,,Lid,,,Recyclable; Airtight,,Cylindrical; Hollow,Small,,,Pop,,,,,Smooth,,Everyone,,
482,Jug,Fill; Pour,,,,Artifact; Tableware; Container,,,,Shatters,,,,Serving; Pouring,,Table,Glass; Ceramic,,Handle; Spout,,,Fragile,,Hollow,Small,,,,,,,,Smooth,,,,
483,Teapot,Pour,,,,Artifact; Tableware; Container,,,,Scalds,,,,Brewing; Pouring,,Table,Porcelain,,Handle; Lid; Spout,,,Fragile,,Round; Hollow,Small,,,,,,,Hot,Smooth,,,,
484,Kettle,Fill; Switch on; Pour,,,,Artifact; Cookware; Kitchen appliance,,,,Scalds,,,,Boiling,,Kitchen,Stainless steel,,Handle; Lid; Spout; Heating element,Electricity,,,,Round; Hollow,Small,,,Whistle; Bubbling,,,,Hot,Smooth,,Everyone,,
485,Thermos,Carry; Pour,,,,Artifact; Container,,,,,,,,Keeping cold,,Campsite; Picnic,Stainless steel,,Screw cap,,,Insulating; Portable,,Cylindrical; Hollow,Small,,,,,,,Hot,Smooth,,Hiker,,
486,Pot,Stir,,,,Artifact; Cookware,,,,Burns; Scalds,,,,Cooking; Boiling,,Kitchen; Stove,Stainless steel,,Handle; Lid,,,Heat-resistant,,Cylindrical; Deep,Small,,,Bubbling,,,,Hot,,,Cook,,
487,Pan,Fry; Flip,,,,Artifact; Cookware,,,,Burns,,,,Cooking; Frying,,Kitchen; Stove,Stainless steel,,Handle,,,Heat-resistant,,Round; Shallow,Small,,,Sizzle,,,,Hot,,,Cook,,
488,Wok,Stir; Fry,,,,Artifact; Cookware,,,,Burns,,,,Cooking; Frying,,Kitchen; Stove,Steel,,Handle,,,Heat-resistant,China,Round; Bowl-shaped,Small,,,Sizzle,,,,Hot,,,Cook,,
489,Plate,Stack; Serve,,,,Artifact; Tableware,,,,Shatters,,,,Eating; Serving,,Table; Cupboard,Ceramic,,Rim,,,Fragile; Stackable,,Round; Flat,Small,,,Clatter,,,,,Smooth,,Everyone,,
490,Bowl,Fill; Serve,,,,Artifact; Tableware,,,,Shatters,,,,Eating; Serving; Mixing,,Table; Cupboard,Ceramic,,Rim; Base,,,Fragile; Stackable,,Round; Deep,Small,,,,,,,,Smooth,,Everyone,,
491,Saucer,,,,,Artifact; Tableware,,,,Shatters,,,,Holding,,Table; Cupboard,Ceramic,,Rim,,,Fragile; Stackable,,Round; Shallow,Small,,,Clink,,,,,Smooth,,Everyone,,
492,Tray,Carry; Serve,,,,Artifact; Tableware,,,,,,,,Carrying; Serving,,Restaurant,Metal; Plastic,,Handle; Rim,,,Stackable,,Rectangular; Flat,Medium,,,Clatter,,,,,,,Waiter,,
493,Colander,Pour; Rinse,,,,Artifact; Kitchen utensil,,,,,,,,Draining,,Sink,Stainless steel,,Handle; Holes,,,,,Bowl-shaped,Small,,,,,,,,,,Cook,,
494,Sieve,Shake,,,,Artifact; Kitchen utensil,,,,,,,,,,Kitchen,Stainless steel; Mesh,,Handle; Holes,,,,,Bowl-shaped,Small,,,,,,,,,,Baker,,
495,Grater,Rub,,,,Artifact; Kitchen utensil,,,,Cuts,,,,,,Kitchen,Stainless steel,,Handle; Teeth; Holes,Muscle,,,,Box-shaped,Small,,,Scraping,,,,,Rough; Sharp,,Cook,,
496,Peeler,,,,,Artifact; Kitchen utensil,,,,Cuts,,,,,,Drawer,Stainless steel; Plastic,,Handle; Blade,Muscle,,,,,Small,,,Scraping,,,,,Sharp,,Cook,,
497,Corkscrew,Twist,,,,Artifact; Kitchen utensil,,,,Pricks,,,,Opening,,Bar; Drawer,Stainless steel,,Handle; Lever; Screw thread,Muscle,,,,Pointed; Coiled,Small,,,Pop,,,,,,,Waiter; Bartender,,
498,Funnel,Fill; Pour,,,,Artifact; Kitchen utensil,,,,,,,,Pouring,,Kitchen; Garage,Plastic,,Spout; Rim,Gravity,,,,Conical; Hollow,Small,,,,,,,,Smooth,,,,
499,Scale,,,,,Artifact; Measuring tool; Kitchen utensil,,,,,,,,Measuring; Weighing,,Kitchen; Market,Steel; Plastic,,Display; Bowl,Battery,,Calibrated,,Flat,Small,,,Beep,,,,,,,Baker,,
500,Napkin,Fold; Wipe,,,,Artifact; Tableware,,,,,,,,Wiping,,Restaurant; Table,Paper,,,,,Absorbent; Disposable,,Square,Small,,,,,,,,Soft,,Everyone,,
501,Oven,Bake,,,,Artifact; Kitchen appliance,,,,Burns,,,,Baking,,Kitchen,Steel; Glass,,Knob; Heating element; Door,Electricity; Gas,,Built-in,,Box-shaped,Medium,,,Hum,,,,Hot,,,Cook; Baker,,
502,Stove,Cook,,,,Artifact; Kitchen appliance,,,,Burns; Fire hazard,,,,Frying; Boiling,,Kitchen,Steel,,Knob,Electricity; Gas,,Built-in,,Box-shaped,Medium,,,Hiss,,,,Hot,,,Cook,,
503,Microwave,Heat; Press,,,,Artifact; Kitchen appliance,,,,,,,Modern,Heating,,Kitchen; Office,Steel; Plastic,,Buttons; Door,Electricity,,Plug-in,,Box-shaped,Medium,,,Hum; Beep,,,,,,,Everyone,,
504,Toaster,Press,,,,Artifact; Kitchen appliance,,,,Burns; Electric shock,,,,,,Kitchen,Steel; Plastic,,Heating element; Slots; Lever,Electricity,,Plug-in,,Box-shaped,Small,,,Pop,,,,Hot,,Breakfast,Everyone,,
505,Blender,Pour; Press,,,,Artifact; Kitchen appliance,,,,Cuts,,,,,,Kitchen; Cafe,Steel; Plastic,,Motor; Lid; Blades,Electricity,,Plug-in,,Tall,Small,,,Whir; Grinding,,,,,,,Cook,,
506,Mixer,Switch on; Mix,,,,Artifact; Kitchen appliance,,,,,,,,Whisking; Mixing,,Kitchen; Bakery,Steel; Plastic,,Motor; Switch; Bowl,Electricity,,Plug-in,,,Small,,,Whir,,,,,,,Baker,,
507,Refrigerator,Open; Store,,,,Artifact; Kitchen appliance; Home appliance; Cooling device,,,,,,,,Keeping cold; Food storage,,Kitchen,Steel; Plastic,,Shelves; Door; Compressor,Electricity,,Insulating,,Box-shaped; Tall,Large,,,Hum,,,,Cold,,,Everyone,,
508,Freezer,Store,,,,Artifact; Kitchen appliance; Home appliance; Cooling device,,,,,,,,Food storage,,Kitchen; Garage,Steel; Plastic,,Drawers; Door; Compressor,Electricity,,Insulating,,Box-shaped,Large,,,Hum,,,,Freezing,,,Everyone,,
509,Dishwasher,Load; Unload,,,,Artifact; Kitchen appliance; Home appliance,,,,,,,,Dishwashing,,Kitchen,Steel; Plastic,,Door,Electricity,,Automatic; Built-in,,Box-shaped,Medium,,,Hum; Sloshing,,,,Hot,,,Everyone,,
510,Sink,Wash; Rinse,,,,Artifact; Fixture,,,,,,,,Dishwashing; Handwashing,,Kitchen; Bathroom,Stainless steel,,Plug; Bowl; Tap,,,Fixed,,Bowl-shaped,Medium,,,Drip; Gurgle,,,,,Smooth,,Everyone,,
511,Mountain,Climb; Hike; Ski,,,,Place; Natural feature; Landform,Cold,,Snow,Falls; Avalanche risk,,Awe,,Hiking; Skiing; Tourism,,,Rock,,Peak; Slopes,,,,,Tall; Steep,Gigantic,,,Echo,,,,,,,,,
512,Hill,Climb; Hike; Sled,,,,Place; Natural feature; Landform,Temperate,,Grass,Falls,,Calm,,Hiking; Grazing,,,Soil; Rock,,Slopes,,,,,Round; Sloped,Huge,,,,,,,,,,,,
513,Volcano,Climb; Observe; Evacuate,,Erupts; Smolders,,Place; Natural feature; Landform,,,,Burns; Destructive,,Fear; Awe,,Tourism,,,Rock; Lava,,Slopes; Crater,,,,,Conical; Steep,Gigantic,Sulfurous,,Boom; Rumble,,,,Hot,,,,,
514,Valley,Hike,,,,Place; Natural feature; Landform,Mild,,Grass; Trees,Flooding,,Calm; Peace,,Farming; Hiking; Grazing,,,Soil; Rock,,Slopes,,,,,Wide; Deep,Gigantic,,,Echo,,,,,,,,,
515,Canyon,Admire; Photograph; Hike,,,,Place; Natural feature; Landform,Arid,Red,,Falls; Rockfall,,Awe,,Hiking; Tourism,,,Rock,,,,,,,Narrow; Steep; Deep,Gigantic,,,Echo,,,,,,,,,
516,Cliff,Climb; Admire,,,,Place; Natural feature; Landform,Windy,,,Falls; Rockfall,,Fear; Awe,,Tourism,,Coast,Rock,,,,,,,Tall; Steep,Huge,,,,,,,,,,,,
517,Cave,Explore,Dark,,,Place; Natural feature; Landform,,,,Getting lost; Collapse,,Fear; Mystery,,Exploration; Shelter; Tourism,,Cave; Underground,Rock,,,,,,,Hollow; Deep,Huge,Damp,,Drip; Echo,,,,Cool,Wet,,,,
518,Boulder,Sit on; Climb,,,,Natural feature,,Gray,Moss,Crushes; Rockfall,,,,,,Mountain; Hillside,Rock,,,,,,,Round; Bulky,Large,,,,,,,,Rough; Hard,,,,Very heavy
519,Pebble,Throw; Pick,,,,Natural feature,,Gray,,Choking hazard,,,,Decoration; Paving,,Beach; Riverbank,Rock,,,,,,,Round,Tiny,,,,,,,,Smooth; Hard,,,,Light
520,Glacier,Climb; Hike,,Melts,,Place; Natural feature; Landform,Polar,Blue; White,,Falls; Frostbite,,Awe,,Drinking water; Tourism,,Mountain; Polar ice,Ice; Snow,Flows,,,,,,,Gigantic,,,,Very slow,,,Freezing,Hard; Slippery,,,,
521,Iceberg,Observe; Avoid,,Melts,,Natural feature,Polar,Blue; White,,Sinking; Collision,,Awe,,,,Ocean; Polar ice,Ice,Floats; Drifts,,,,,,,Gigantic,,,,Very slow,,,Freezing,Hard; Slippery,,,,
522,Island,Sail; Visit; Explore,,,,Place; Natural feature; Landform; Coastal feature,Tropical,,Trees,,,Freedom; Loneliness,,Fishing; Tourism,,Sea; Ocean,Sand; Rock,,,,,,,,Gigantic,Briny,,Surf,,,,,,,,,
523,Beach,Dig; Swim; Sunbathe,,,,Place; Natural feature; Coastal feature,Sunny,Tan,,Drowning; Sunburn,,Joy; Freedom,,Swimming; Recreation; Tourism,,Coast,Sand,,,,,,,Flat; Long,Huge,Briny,,Surf,,,,Warm,Soft; Grainy,Summer,,,
524,Coast,Sail; Stroll,,,,Place; Natural feature; Coastal feature,Windy,,,Drowning; Flooding,,Freedom,,Fishing; Shipping; Tourism,,Sea; Ocean,Sand; Rock,,,,,,,Long; Winding,Vast,Briny,,Surf,,,,,,,,,
525,Reef,Observe; Swim; Dive,,,,Place; Natural feature; Coastal feature,Tropical,Multicolored,,Cuts; Sinking,,Wonder,,Fishing; Nature conservation; Tourism,,Ocean; Reef,Limestone,,,,,,,Shallow,Gigantic,Briny,,Surf,,,,,Rough; Hard; Sharp,,,,
526,Desert,Ride; Explore,,,,Place; Natural feature; Biome,Arid; Sunny,Tan,,Getting lost; Heatstroke; Dehydration,,Awe; Loneliness,,Solar power,,,Sand; Rock,,,,,,Africa; Middle East,Flat,Vast,,,Quiet,,,,Hot,Dry; Grainy,,,,
527,Dune,Climb; Slide,,,,Place; Natural feature; Landform,Arid; Windy,Tan,,,,Awe,,,,Desert; Beach,Sand,Drifts,,,,,,Curved; Sloped,Huge,,,,,,,Hot,Dry; Grainy,,,,
528,Oasis,Drink; Visit,,,,Place; Natural feature,Arid,,Trees,,,Calm; Hope,,Shade; Farming; Drinking water,,Desert,Water,,,,,,,,Huge,,,,,,,,,,,,
529,Forest,Hike; Camp; Hunt,,,,Place; Natural feature; Biome,Temperate,Green,Trees; Moss,Fire hazard; Getting lost,,Calm; Mystery,,Timber; Nature conservation; Hiking; Hunting,,,,,,,,,,,Vast,Earthy; Piney,,Birdsong; Rustle,,,,,,,,,
530,Jungle,Hike; Explore,,,,Place; Natural feature; Biome,Tropical; Humid; Rainy,Green,Trees; Vegetation,Bites; Spreads disease; Getting lost,,Awe; Mystery,,Timber; Exploration; Nature conservation,,,,,,,,,Africa; South America; Southeast Asia,,Vast,Earthy; Damp,,Birdsong; Buzz,,,,,,,,,
531,Savanna,Observe; Photograph,,,,Place; Natural feature; Biome,Tropical,Tan,Grass,Fire hazard; Heatstroke,,Awe; Freedom,,Nature conservation; Grazing; Tourism,,,,,,,,,Africa,Flat,Vast,,,,,,,,,,,,
532,Prairie,Ride,,,,Place; Natural feature; Biome,Temperate; Windy,Green; Tan,Grass,Fire hazard,,Freedom,,Farming; Nature conservation; Grazing,,,,,,,,,North America,Flat,Vast,,,Rustle,,,,,,,,,
533,Tundra,Herd,,,,Place; Natural feature; Biome,Polar; Windy,White; Brown,Snow; Moss,Frostbite; Hypothermia,,Loneliness,,Nature conservation; Grazing,,,,,,,,,Arctic,Flat,Vast,,,,,,,Freezing,,,,,
534,Meadow,Picnic; Stroll,,,,Place; Natural feature; Farmland,Temperate,Green,Grass,,,Joy; Calm,,Fodder; Recreation; Grazing,,Countryside,,,,,,,,Flat,Huge,Floral; Grassy,,Birdsong; Buzz,,,,,,Spring; Summer,,,
535,Field,Harvest; Sow,,,,Place; Natural feature; Farmland,Temperate,Green; Yellow,Vegetation,,,Calm,,Farming; Growing food,,Farm; Countryside,Soil,,,,,,,Flat,Huge,Earthy,,,,,,,,Summer; Autumn,,,
536,Swamp,Observe; Paddle,Murky,,,Place; Natural feature; Wetland,Humid,Dark green; Brown,Trees,Bites; Spreads disease; Drowning,,Fear; Mystery,,Nature conservation,,,Mud; Water,,,,,,,Flat; Shallow,Huge,Damp,,Buzz; Croak,,,,,Wet,,,,
537,Marsh,Observe; Wade,Murky,,,Place; Natural feature; Wetland,Humid,Green; Brown,Grass,Spreads disease; Drowning,,Calm; Mystery,,Nature conservation,,,Mud; Water,,,,,,,Flat; Shallow,Huge,Damp,,Buzz; Croak,,,,,Wet,,,,
538,River,Swim; Cross,,,,Place; Natural feature; Body of water; Waterway,,,,Drowning; Flooding,,Calm,,Fishing; Irrigation; Drinking water; Boating,,Valley,Water,Flows,,,,,,Long; Winding,Gigantic,,,Rushing,,,,,Wet,,,,
539,Stream,Cross; Wade,,,,Place; Natural feature; Body of water; Waterway,,,,Flooding,,Calm,,Fishing; Drinking water,,Valley,Water,Flows,,,,,,Narrow; Winding,Large,,,Babble,,,,,Wet,,,,
540,Lake,Swim; Skate,,Freezes,,Place; Natural feature; Body of water,,,,Drowning,,Calm; Peace,,Fishing; Boating,,Valley; Countryside,Water,Still,,,,,,Deep,Gigantic,,,Lapping,,,,,Wet,,,,
541,Pond,Wade; Skate,,Freezes,,Place; Natural feature; Body of water,,,,Drowning,,Calm; Peace,,Fishing,,Countryside; Park,Water,Still,,,,,,Shallow,Large,,,Croak,,,,,Wet,,,,
542,Sea,Sail; Swim,,Ebbs and flows,,Place; Natural feature; Body of water,,Blue,,Drowning; Strong currents,,Calm; Freedom,,Swimming; Fishing; Shipping,,,Salt water,,,,,,,,Vast,Briny,,Crash; Surf,,,,,Wet,,,,
543,Ocean,Sail; Explore,,Ebbs and flows,,Place; Natural feature; Body of water,,Blue,,Drowning; Sinking,,Awe; Freedom,,Fishing; Shipping,,,Salt water,,,,,,Atlantic,Deep,Vast,Briny,,Crash; Surf,,,,,Wet,,,,
544,Waterfall,Admire; Photograph,Foamy,,,Place; Natural feature,,,,Drowning; Slipping,,Awe,,Tourism,,Mountain; River,Rock; Water,Falls,,,,,,Tall; Steep,Huge,,,Roar; Splash,Fast,,,,Wet,,,,
545,Geyser,Observe; Photograph,,Erupts,,Place; Natural feature,,,,Scalds,,Awe; Wonder,,Tourism,,,Water; Water vapor,Rises,,,,,,Tall,Huge,Sulfurous,,Hiss; Roar,Fast,,,Hot,Wet,,,,
546,Dog,,,Wags tail,,Living thing; Animal; Mammal; Domestic animal; Pet; Canine,,,Fur,Bites,Omnivore; Meat,,,Companionship; Guarding,,Home,,Runs,Tail; Paws; Snout,,,,,,Medium,,Pack; Lives with humans,Bark,,,,,,,,,
547,Wolf,,,Hunts in packs,,Living thing; Animal; Mammal; Predator; Canine,,Gray,Fur,Bites,Carnivore; Meat,,,,,Forest,,Runs,Tail; Paws; Snout,,,,Northern Hemisphere,,Medium,,Pack,Howl,,,,,,,,,
548,Coyote,,,Scavenges,,Living thing; Animal; Mammal; Predator; Canine,,Gray,Fur,Bites,Carnivore; Meat,,,,,Prairie,,Runs,Tail; Paws; Snout,,,,North America,,Medium,,Pack,Howl,,,,,,,,,
549,Fox,,,,,Living thing; Animal; Mammal; Predator; Canine,,Reddish-brown,Fur,Kills livestock,Omnivore; Meat,,,Fur source,,Forest,,Runs; Pounces,Bushy tail; Paws; Snout,,,,Northern Hemisphere,,Small,,Solitary,Bark,,,,,,Nocturnal,,,
550,Cat,,,Grooms,,Living thing; Animal; Mammal; Domestic animal; Pet; Feline,,Gray,Fur,Scratches,Carnivore; Pet food,,,Companionship; Pest control,,Home,,Climbs; Pounces,Tail; Claws; Whiskers,,,,,,Small,,Lives with humans,Meow; Purr,,,,,,Nocturnal,,,
551,Lynx,,Spotted,Ambushes,,Living thing; Animal; Mammal; Predator; Feline,,Gray,Fur,Scratches,Carnivore; Meat,,,,,Forest,,Climbs; Pounces,Claws; Whiskers; Short tail,,,,Northern Hemisphere,,Medium,,Solitary,Growl,,,,,,Nocturnal,,,
552,Lion,,,Hunts in packs,,Living thing; Animal; Mammal; Predator; Feline; Big cat,,Tan,Fur,Deadly,Carnivore; Meat,,,,,Savanna,,Runs; Pounces,Claws; Mane; Fangs,,,,Africa,,Large,,Pride,Roar,,,,,,Nocturnal,,,
553,Tiger,,Striped,Ambushes,,Living thing; Animal; Mammal; Predator; Feline; Big cat,,Orange,Fur,Deadly,Carnivore; Meat,,,,,Jungle,,Swims; Pounces,Tail; Claws; Fangs,,,,Asia,,Large,,Solitary,Roar,,,,,,Nocturnal,,,
554,Leopard,,Spotted,Ambushes,,Living thing; Animal; Mammal; Predator; Feline; Big cat,,Tan,Fur,Deadly,Carnivore; Meat,,,,,Savanna,,Climbs; Pounces,Tail; Claws; Fangs,,,,Africa,,Medium,,Solitary,Growl,,,,,,Nocturnal,,,
555,Jaguar,,Spotted,Ambushes,,Living thing; Animal; Mammal; Predator; Feline; Big cat,,Tan,Fur,Deadly,Carnivore; Meat,,,,,Jungle,,Swims; Pounces,Claws; Fangs; Powerful jaws,,,,South America,,Medium,,Solitary,Roar,,,,,,Nocturnal,,,
556,Cheetah,,Spotted,,,Living thing; Animal; Mammal; Predator; Feline; Big cat,,Tan,Fur,,Carnivore; Meat,,,,,Savanna,,Sprints,Tail; Claws; Long legs,,,,Africa,,Medium,,Solitary,Purr,Very fast,,,,,,,,
557,Hyena,,Spotted,Scavenges,,Living thing; Animal; Mammal; Predator,,Tan,Fur,Bites,Carnivore; Carrion,,,,,Savanna,,Runs,Tail; Paws; Powerful jaws,,,,Africa,,Medium,,Pack,Laugh,,,,,,Nocturnal,,,
558,Bear,,,Fishes,,Living thing; Animal; Mammal; Predator,,Brown,Fur,,Omnivore; Fish,,,,Hibernates,Forest,,Walks; Climbs,Paws; Claws; Short tail,,,,Northern Hemisphere,,Large,,Solitary,Growl,,,,,,,,,
559,Panda,,Black-and-white,Gentle,,Living thing; Animal; Mammal,,Black; White,Fur,,Herbivore; Bamboo,,,,,Forest,,Walks; Climbs,Paws; Claws; Short tail,,,,China,,Large,,Solitary,Bleat,,,,,,,,,
560,Raccoon,,Masked,,,Living thing; Animal; Mammal,,Gray,Fur,Spreads disease,Omnivore; Garbage,,,,,Forest; City,,Climbs,Paws; Striped tail,,,,North America,,Small,,Solitary,Chatter,,,,,,Nocturnal,,,
561,Skunk,,Striped,Sprays scent,,Living thing; Animal; Mammal,,Black; White,Fur,,Omnivore; Insects,,,,,Woodland,,Walks,Bushy tail; Claws,,,,North America,,Small,,Solitary,Hiss,,,,,,Nocturnal,,,
562,Badger,,Striped,Digs,,Living thing; Animal; Mammal; Weasel family,,Gray,Fur,Bites,Omnivore; Worms,,,,,Woodland; Burrow,,Walks,Claws; Snout; Short legs,,,,Europe,,Small,,Family group,Growl,,,,,,Nocturnal,,,
563,Otter,,,Playful,,Living thing; Animal; Mammal; Predator; Weasel family,,Brown,Fur,,Carnivore; Fish,,,,,River,,Swims; Dives,Whiskers; Webbed feet; Long tail,,,,Northern Hemisphere,,Small,,Family group,Whistle,,,,,,,,,
564,Weasel,,,,,Living thing; Animal; Mammal; Predator; Weasel family,,Brown,Fur,Kills livestock,Carnivore; Meat,,,Pest control,,Woodland,,Runs,Whiskers; Short legs; Long tail,,,,Northern Hemisphere,,Small,,Solitary,Hiss,,,,,,Nocturnal,,,
565,Ferret,,Masked,Playful,,Living thing; Animal; Mammal; Domestic animal; Pet; Weasel family,,Cream,Fur,Bites,Carnivore; Pet food,,,Companionship; Hunting aid,,Home,,Runs,Whiskers; Short legs; Long tail,,,,,,Small,,Lives with humans,Hiss,,,,,,,,,
566,Seal,,Spotted,Hauls out,,Living thing; Animal; Mammal; Predator; Marine mammal,,Gray,Fur,Bites,Carnivore; Fish,,,,,Coast,,Swims; Dives,Whiskers; Flippers,,,,Arctic,,Medium,,Colony,Bark,,,,,,,,,
567,Walrus,,,Hauls out,,Living thing; Animal; Mammal; Marine mammal,,Brown,Thick hide,Gores,Carnivore; Shellfish,,,,,Polar ice,,Swims; Dives,Tusks; Whiskers; Flippers,,,,Arctic,,Large,,Herd,Bellow,,,,,,,,,
568,Whale,,,,,Living thing; Animal; Mammal; Marine mammal,,Gray,Skin,,Filter feeder; Krill,,,,Migrates,Ocean,,Swims; Dives,Flippers; Blowhole; Tail flukes,,,,,,Gigantic,,Pod,Whale song,,,,,,,,,
569,Dolphin,,,Echolocation,,Living thing; Animal; Mammal; Predator; Marine mammal,,Gray,Skin,,Carnivore; Fish,,,,,Ocean,,Leaps; Swims,Flippers; Blowhole; Dorsal fin,,,,,,Large,,Pod,Clicks,,,,,,,,,
570,Porpoise,,,Echolocation,,Living thing; Animal; Mammal; Predator; Marine mammal,,Gray,Skin,,Carnivore; Fish,,,,,Coast,,Swims; Dives,Flippers; Blowhole; Dorsal fin,,,,Northern Hemisphere,,Medium,,Family group,Clicks,,,,,,,,,
571,Orca,,Black-and-white,Hunts in packs,,Living thing; Animal; Mammal; Predator; Marine mammal,,Black; White,Skin,,Carnivore,,,,,Ocean,,Leaps; Swims,Flippers; Blowhole; Dorsal fin,,,,,,Huge,,Pod,Clicks,,,,,,,,,
572,Monkey,,,Grooms,,Living thing; Animal; Mammal; Primate,,Brown,Fur,Bites,Omnivore; Fruit,,,,,Jungle,,Climbs; Swings,Hands; Long tail,,,,,,Small,,Troop,Chatter,,,,,,,,,
573,Chimpanzee,,,Uses tools,,Living thing; Animal; Mammal; Primate; Ape,,Black,Fur,Bites,Omnivore; Fruit,,,,,Jungle,,Climbs; Swings,Hands; Long arms,,,,Africa,,Medium,,Troop,Hoot,,,,,,,,,
574,Gorilla,,,Gentle,,Living thing; Animal; Mammal; Primate; Ape,,Black,Fur,Charges,Herbivore; Leaves,,,,,Jungle,,Walks; Climbs,Hands; Long arms,,,,Africa,,Large,,Troop,Grunt,,,,,,,,,
575,Orangutan,,,Uses tools,,Living thing; Animal; Mammal; Primate; Ape,,Orange,Fur,,Herbivore; Fruit,,,,,Jungle,,Climbs; Swings,Hands; Long arms,,,,Asia,,Medium,,Solitary,Bellow,,,,,,,,,
576,Bat,,,Echolocation; Hangs upside down,,Living thing; Animal; Mammal,,Brown,Fur,Spreads disease,Insectivore; Insects,,,Pest control,Hibernates,Cave,,Flies,Wings; Large ears,,,,,,Tiny,,Colony,Squeak,,,,,,Nocturnal,,,
577,Hedgehog,,,Rolls into ball,,Living thing; Animal; Mammal,,Brown,Quills,Pricks,Insectivore; Insects,,,Pest control,Hibernates,Garden,,Walks,Snout; Short legs,,,,Europe,,Small,,Solitary,Snort,,,,,,Nocturnal,,,
578,Mole,,,Tunnels,,Living thing; Animal; Mammal,,Black,Fur,,Insectivore; Worms,,,,,Underground,,Burrows,Claws; Snout,,,,,,Small,,Solitary,,,,,,,,,,
579,Sloth,,,Hangs upside down,,Living thing; Animal; Mammal,,Brown,Fur,,Herbivore; Leaves,,,,,Jungle,,Climbs,Claws; Long arms,,,,South America,,Small,,Solitary,,Very slow,,,,,Nocturnal,,,
580,Koala,,,,,Living thing; Animal; Mammal; Marsupial,,Gray,Fur,,Herbivore; Leaves,,,,Pouch-reared,Forest,,Climbs,Claws; Pouch; Large ears,,,,Australia,,Small,,Solitary,Bellow,,,,,,Nocturnal,,,
581,Kangaroo,,,Boxes,,Living thing; Animal; Mammal; Marsupial,,Brown,Fur,Kicks,Herbivore; Grass,,,,Pouch-reared,Grassland,,Hops,Pouch; Strong hind legs; Long tail,,,,Australia,,Large,,Herd,,,,,,,,,,
582,Wallaby,,,,,Living thing; Animal; Mammal; Marsupial,,Brown,Fur,,Herbivore; Grass,,,,Pouch-reared,Scrubland,,Hops,Pouch; Strong hind legs; Long tail,,,,Australia,,Medium,,Solitary,,,,,,,Crepuscular,,,
583,Horse,,,Grazes,,Living thing; Animal; Mammal; Domestic animal; Working animal; Hoofed animal; Equine,,Brown,Hair,Kicks,Herbivore; Hay,,,Riding; Racing,,Stable,,Gallops,Hooves; Mane; Long tail,,,,,,Large,,Herd,Neigh,,,,,,,,,
584,Donkey,,,Stubborn,,Living thing; Animal; Mammal; Domestic animal; Working animal; Hoofed animal; Equine,,Gray,Hair,Kicks,Herbivore; Hay,,,Pulling loads; Carrying,,Stable,,Walks,Hooves; Mane; Long ears,,,,,,Medium,,Herd,Bray,,,,,,,,,
585,Mule,,,Stubborn,,Living thing; Animal; Mammal; Domestic animal; Working animal; Hoofed animal; Equine,,Brown,Hair,Kicks,Herbivore; Hay,,,Pulling loads; Carrying,,Stable,,Walks,Hooves; Mane; Long ears,,,,,,Large,,,Bray,,,,,,,,,
586,Zebra,,Striped,Grazes,,Living thing; Animal; Mammal; Hoofed animal; Equine,,Black; White,Hair,Kicks,Herbivore; Grass,,,,Migrates,Savanna,,Gallops,Tail; Hooves; Mane,,,,Africa,,Large,,Herd,Bray,,,,,,,,,
587,Cow,,Patched,Chews cud,,Living thing; Animal; Mammal; Domestic animal; Livestock; Hoofed animal,,Black; White,Hair,Kicks,Herbivore; Grass,,,Milk source; Meat source,,Pasture,,Walks,Hooves; Horns; Udder,,,,,,Large,,Herd,Moo,,,,,,,,,
588,Buffalo,,,Wallows,,Living thing; Animal; Mammal; Domestic animal; Livestock; Working animal; Hoofed animal,,Black,Hair,Charges,Herbivore; Grass,,,Pulling loads; Milk source,,Swamp,,Walks; Wades,Hooves; Horns,,,,Asia,,Large,,Herd,Bellow,,,,,,,,,
589,Bison,,,,,Living thing; Animal; Mammal; Hoofed animal,,Brown,Hair,Charges,Herbivore; Grass,,,,,Prairie,,Walks; Runs,Hooves; Horns; Hump,,,,North America,,Large,,Herd,Grunt,,,,,,,,,
590,Sheep,,,Grazes,,Living thing; Animal; Mammal; Domestic animal; Livestock; Hoofed animal,,White,Wool,,Herbivore; Grass,,,Meat source; Wool source,,Pasture,,Walks,Hooves; Short tail,,,,,,Medium,,Flock,Bleat,,,,,,,,,
591,Goat,,,Browses,,Living thing; Animal; Mammal; Domestic animal; Livestock; Hoofed animal,,White,Hair,Charges,Herbivore; Leaves,,,Milk source; Meat source,,Pasture,,Walks; Climbs,Hooves; Horns; Beard,,,,,,Medium,,Herd,Bleat,,,,,,,,,
592,Llama,,,Spits,,Living thing; Animal; Mammal; Domestic animal; Livestock; Hoofed animal,,Brown,Wool,,Herbivore; Grass,,,Wool source; Carrying,,Mountain,,Walks,Long neck; Pointed ears,,,,South America,,Large,,Herd,Hum,,,,,,,,,
593,Alpaca,,,Spits,,Living thing; Animal; Mammal; Domestic animal; Livestock; Hoofed animal,,White,Wool,,Herbivore; Grass,,,Wool source,,Mountain,,Walks,Long neck; Pointed ears,,,,South America,,Medium,,Herd,Hum,,,,,,,,,
594,Camel,,,Spits,,Living thing; Animal; Mammal; Domestic animal; Working animal; Hoofed animal,,Tan,Hair,Bites,Herbivore; Leaves,,,Riding; Carrying,,Desert,,Walks,Hump; Long neck; Long legs,,,,Middle East,,Large,,Herd,Bellow,,,,,,,,,
595,Pig,,,Wallows,,Living thing; Animal; Mammal; Domestic animal; Livestock; Hoofed animal,,Pink,Bristles,,Omnivore,,,Meat source,,,,Walks,Hooves; Snout; Curly tail,,,,,,Medium,,Herd,Oink,,,,,,,,,
596,Boar,,,Wallows,,Living thing; Animal; Mammal; Hoofed animal; Game animal,,Brown,Bristles,Gores,Omnivore,,,,,Forest,,Runs,Hooves; Tusks; Snout,,,,Europe,,Medium,,Herd,Grunt,,,,,,Nocturnal,,,
597,Deer,,,Browses,,Living thing; Animal; Mammal; Hoofed animal; Deer family; Game animal,,Brown,Hair,Collision,Herbivore; Leaves,,,,Sheds antlers,Forest,,Runs; Leaps,Hooves; Antlers; Short tail,,,,Northern Hemisphere,,Medium,,Herd,,,,,,,Crepuscular,,,
598,Moose,,,Browses,,Living thing; Animal; Mammal; Hoofed animal; Deer family; Game animal,,Brown,Hair,Collision,Herbivore; Leaves,,,,Sheds antlers,Forest,,Walks; Wades,Hooves; Antlers; Long legs,,,,Northern Hemisphere,,Large,,Solitary,Bellow,,,,,,Crepuscular,,,
599,Reindeer,,,Grazes,,Living thing; Animal; Mammal; Working animal; Hoofed animal; Deer family,,Brown,Hair,,Herbivore; Grass,,,Pulling loads; Meat source,Migrates; Sheds antlers,,,Runs,Hooves; Antlers; Short tail,,,,Arctic,,Medium,,Herd,Grunt,,,,,,,,,
600,Antelope,,,Grazes,,Living thing; Animal; Mammal; Hoofed animal; Game animal,,Tan,Hair,,Herbivore; Grass,,,,,Savanna,,Runs; Leaps,Hooves; Horns; Long legs,,,,Africa,,Medium,,Herd,,Very fast,,,,,,,,
601,Giraffe,,Patched,Browses,,Living thing; Animal; Mammal; Hoofed animal,,Tan,Hair,Kicks,Herbivore; Leaves,,,,,Savanna,,Walks,Hooves; Long neck; Long legs,,,,Africa,,Huge,,Herd,,,,,,,,,,
602,Elephant,,,Wallows,,Living thing; Animal; Mammal,,Gray,Thick hide,,Herbivore; Grass,,,,,Savanna,,Walks,Tusks; Trunk; Large ears,,,,Africa; Asia,,Huge,,Herd,Trumpeting,,,,,,,,,
603,Rhinoceros,,,Wallows,,Living thing; Animal; Mammal; Hoofed animal,,Gray,Thick hide,Charges,Herbivore; Grass,,,,,Savanna,,Walks,Hooves; Horns,,,,Africa; Asia,,Huge,,Solitary,Snort,,,,,,,,,
604,Hippopotamus,,,Wallows,,Living thing; Animal; Mammal; Hoofed animal,,Gray,Thick hide,Deadly,Herbivore; Grass,,,,,River,,Walks; Wades,Tusks; Short legs; Powerful jaws,,,,Africa,,Huge,,Herd,Grunt,,,,,,Nocturnal,,,
605,Mouse,,,Gnaws,,Living thing; Animal; Mammal; Pest; Rodent,,Gray,Fur,,Omnivore; Grain,,,,,Home,,Scurries,Whiskers; Incisors; Long tail,,,,,,Tiny,,Colony,Squeak,,,,,,Nocturnal,,,
606,Rat,,,Gnaws,,Living thing; Animal; Mammal; Pest; Rodent,,Brown,Fur,Spreads disease,Omnivore; Garbage,,,,,Sewer,,Scurries,Whiskers; Incisors; Long tail,,,,,,Small,,Colony,Squeak,,,,,,Nocturnal,,,
607,Hamster,,,Hoards food,,Living thing; Animal; Mammal; Domestic animal; Pet; Rodent,,Brown,Fur,,Omnivore; Seeds,,,Companionship,,Cage,,Scurries,Incisors; Short tail; Cheek pouches,,,,,,Small,,Solitary,Squeak,,,,,,Nocturnal,,,
608,Squirrel,,,Hoards food,,Living thing; Animal; Mammal; Rodent,,Gray,Fur,,Herbivore; Nuts,,,,,Forest,,Leaps; Climbs,Bushy tail; Claws; Incisors,,,,,,Small,,Solitary,Chatter,,,,,,,,,
609,Chipmunk,,Striped,Hoards food,,Living thing; Animal; Mammal; Rodent,,Brown,Fur,,Herbivore; Seeds,,,,Hibernates,Forest,,Climbs; Scurries,Tail; Incisors; Cheek pouches,,,,North America,,Tiny,,Solitary,Chirp,,,,,,,,,
610,Beaver,,,Builds dam,,Living thing; Animal; Mammal; Rodent,,Brown,Fur,,Herbivore; Bark,,,Fur source,,River,,Swims; Dives,Incisors; Webbed feet; Flat tail,,,,Northern Hemisphere,,Medium,,Family group,Splash,,,,,,Nocturnal,,,
611,Porcupine,,,Gnaws,,Living thing; Animal; Mammal; Rodent,,Brown,Quills,Pricks,Herbivore; Bark,,,,,Forest,,Walks; Climbs,Incisors; Short legs,,,,,,Medium,,Solitary,Grunt,,,,,,Nocturnal,,,
612,Rabbit,,,Digs,,Living thing; Animal; Mammal; Pet,,Gray,Fur,Damages crops,Herbivore; Grass,,,Companionship; Meat source,,Burrow; Meadow,,Hops,Long ears; Strong hind legs; Short tail,,,,,,Small,,Colony,,,,,,,Crepuscular,,,
613,Hare,,,Boxes,,Living thing; Animal; Mammal; Game animal,,Brown,Fur,,Herbivore; Grass,,,,,Meadow,,Runs,Long ears; Strong hind legs; Short tail,,,,,,Small,,Solitary,,Very fast,,,,,Crepuscular,,,
614,Iron,,Dull; Metallic,,,Substance; Material; Metal,,Gray,,,,,Ancient,Tools; Weapons,,,Ore,,,,Mined; Smelted; Forged,Magnetic; Conducts electricity; Recyclable; Rusts; Strong,,,,,,,,Solid,,,Smooth; Hard,,,Cheap,Heavy
615,Steel,,Shiny; Metallic,,,Substance; Material; Metal; Alloy; Building material,,Gray,,,,,Industrial,Building; Tools; Weapons,,,Iron; Carbon,,,,Smelted; Alloyed; Forged,Magnetic; Conducts electricity; Durable; Recyclable; Rusts; Strong,,,,,,,,Solid,,,Smooth; Hard,,,Cheap,Heavy
616,Copper,,Shiny; Metallic,,,Substance; Material; Metal,,Reddish-brown,,,,,Ancient,Coinage; Wiring; Plumbing,,,Ore,,,,Mined; Smelted,Conducts electricity; Recyclable; Malleable; Tarnishes,,,,,,,,Solid,,,Smooth; Hard,,,Affordable,Heavy
617,Bronze,,Shiny; Metallic,,,Substance; Material; Metal; Alloy,,Brown,,,,,Ancient,Sculpture; Weapons,,,Copper; Tin,,,,Smelted; Cast; Alloyed,Conducts electricity; Durable; Recyclable; Malleable; Tarnishes,,,,,,,,Solid,,,Smooth; Hard,,,Affordable,Heavy
618,Brass,,Shiny; Metallic,,,Substance; Material; Metal; Alloy,,Gold,,,,,Ancient,Decoration; Plumbing,,,Copper; Zinc,,,,Smelted; Cast; Alloyed,Conducts electricity; Recyclable; Malleable; Tarnishes,,,,,,,,Solid,,,Smooth; Hard,,,Affordable,Heavy
619,Gold,,Shiny; Metallic,,,Substance; Material; Metal; Precious metal,,Gold,,,,,Ancient,Jewelry; Coinage,,,Ore,,,,Mined; Cast; Refined,Conducts electricity; Recyclable; Rustproof; Malleable,,,,,,,,Solid,,,Smooth; Soft,,,Precious,Very heavy
620,Silver,,Shiny; Metallic,,,Substance; Material; Metal; Precious metal,,Silver,,,,,Ancient,Jewelry; Coinage,,,Ore,,,,Mined; Cast; Refined,Conducts electricity; Recyclable; Malleable; Tarnishes,,,,,,,,Solid,,,Smooth; Hard,,,Precious,Heavy
621,Aluminum,,Shiny; Metallic,,,Substance; Material; Metal,,Silver,,,,,Modern,Packaging; Cans,,,Ore,,,,Mined; Smelted; Recycled,Conducts electricity; Recyclable; Rustproof; Malleable; Lightweight,,,,,,,,Solid,,,Smooth; Hard,,,Cheap,Light
622,Lead,,Dull; Metallic,,,Substance; Material; Metal,,Gray,,Toxic,,,Ancient,Plumbing; Roofing,,,Ore,,,,Mined; Smelted,Recyclable; Malleable,,,,,,,,Solid,,,Smooth; Soft,,,Cheap,Very heavy
623,Tin,,Shiny; Metallic,,,Substance; Material; Metal,,Silver,,,,,Ancient,Cans,,,Ore,,,,Mined; Smelted,Conducts electricity; Recyclable; Rustproof; Malleable,,,,,,,,Solid,,,Smooth; Soft,,,Affordable,Heavy
624,Stone,,,,,Substance; Material; Rock; Building material; Natural material,,Gray,,,,,Prehistoric,Building; Sculpture; Paving,,,,,,,Quarried; Carved,Durable,,,,,,,,Solid,,,Rough; Hard,,,Cheap,Heavy
625,Marble,,Glossy; Patterned,,,Substance; Material; Rock; Building material; Natural material,,White,,,,,Ancient,Sculpture; Flooring; Countertops,,,,,,,Quarried; Carved; Polished,Durable,Italy; Greece,,,,,,,Solid,,,Smooth; Hard,,,Expensive,Heavy
626,Granite,,Speckled,,,Substance; Material; Rock; Building material; Natural material,,Gray,,,,,Ancient,Building; Paving; Countertops,,,,,,,Quarried; Cut; Polished,Durable; Scratch-resistant,,,,,,,,Solid,,,Rough; Hard,,,Expensive,Heavy
627,Chalk,,,,,Substance; Material; Rock; Natural material,,White,,,,,,Writing; Drawing,,Classroom,Limestone,,,,Quarried,Fragile; Erasable,,,,,,,,Solid,,,Soft; Powdery,,,Cheap,Light
628,Clay,,,,,Substance; Material; Natural material,,Reddish-brown,,,,,Prehistoric,Building; Sculpture; Pottery,,,Water; Mineral,,,,Molded; Fired; Dug,Malleable,,,,Earthy,,,,Soft solid,,,Soft; Sticky,,,Cheap,
629,Sand,,,,,Substance; Material; Natural material,,Tan,,,,,,Building; Play,,Desert; Beach,Rock; Mineral,,,,Sieved; Dug,,,,,,,,,Granular,,,Dry; Grainy,,,Cheap,
630,Gravel,,,,,Substance; Material; Building material; Natural material,,Gray,,,,,,Road surfacing; Paving; Draining,,Driveway,Rock,,,,Quarried; Crushed,,,,,,,Crunch,,Granular,,,Hard; Gritty,,,Cheap,
631,Mud,,,,,Substance; Natural material,,Brown,,Slipping; Staining,,,,Building,,Riverbank,Soil; Water,,,,,,,,,Earthy,,,,Paste,,,Soft; Sticky; Wet,,,Free,
632,Dust,Sweep; Dust,,,,Substance; Residue,,Gray,,Allergenic; Irritant,,,,,,Attic; Shelf,Soil,Floats,,,,,,,,,,,,Powder,,,Dry; Powdery; Fine,,,Free,Very light
633,Ash,Sweep,,,,Substance; Residue,,Gray,,Irritant,,,,Fertilizer,,Fireplace,Carbon,,,,Burned,,,,,Smoky,,,,Powder,,,Dry; Powdery; Fine,,,Free,Very light
634,Rust,Scrub,,,,Substance; Residue,,Reddish-brown,,Staining,,,,,,,Iron,,,,,,,,,Metallic,,,,Solid,,,Rough; Flaky,,,Free,
635,Cotton,,,,,Substance; Material; Fabric; Natural fiber; Natural material,,White,,,,,Ancient,Clothing,,,Plant fiber,,,,Woven; Spun; Harvested,Absorbent; Breathable; Washable; Renewable; Shrinks; Wrinkles,,,,,,,,Solid,,,Soft; Fluffy,,,Cheap,Light
636,Linen,,,,,Substance; Material; Fabric; Natural fiber; Natural material,,Beige,,,,,Ancient,Clothing,,,Plant fiber,,,,Woven; Spun; Harvested,Absorbent; Breathable; Washable; Renewable; Strong; Wrinkles,,,,,,,,Solid,,,Soft; Crisp,,,Expensive,Light
637,Wool,,,,,Substance; Material; Fabric; Natural fiber; Natural material,,Cream,,Itching,,,Ancient,Clothing,,,Fleece,,,,Spun; Sheared,Insulating; Breathable; Washable; Renewable; Warm; Shrinks,,,,,,,,Solid,,,Soft; Woolly,,,Affordable,Light
638,Silk,,Shiny,,,Substance; Material; Fabric; Natural fiber; Natural material,,White,,,,,Ancient,Clothing,,,,,,,Woven; Spun; Dyed,Breathable; Washable; Renewable; Lightweight; Strong,China,,,,,,,Solid,,,Soft; Silky,,,Luxury,Light
639,Nylon,,,,,Substance; Material; Fabric; Synthetic material; Man-made material,,,,,,,Modern,Clothing; Bags,,,Petroleum,,,,Woven; Extruded,Washable; Stretchable; Lightweight; Strong,,,,,,,,Solid,,,Smooth; Soft,,,Cheap,Light
640,Denim,,,,,Substance; Material; Fabric; Man-made material,,Blue,,,,,Industrial,Clothing,,,Cotton,,,,Woven; Dyed; Sewn,Durable; Washable; Strong,,,,,,,,Solid,,,Tough,,,Affordable,Light
641,Leather,,,,,Substance; Material; Natural material,,Brown,,,,,Prehistoric,Clothing; Shoes; Bags,,,Animal hide,,,,Tanned; Dyed; Sewn,Durable; Strong,,,,,,,,Solid,,,Leathery; Tough,,,Expensive,
642,Plastic,,,,,Substance; Material; Synthetic material; Man-made material,,Multicolored,,Pollution,,,Modern,Packaging,,,Petroleum,,,,Molded; Extruded; Recycled,Waterproof; Insulating; Recyclable; Lightweight,,,,,,,,Solid,,,Smooth,,,Cheap,Light
643,Rubber,,,,,Substance; Material; Natural material,,Black,,,,,Industrial,Shoes; Sealing,,,Latex,,,,Molded; Harvested,Waterproof; Insulating; Stretchable,Southeast Asia,,,,,,,Solid,,,Rubbery; Elastic,,,Cheap,
644,Cardboard,,,,,Substance; Material; Man-made material,,Brown,,,,,Industrial,Packaging,,,Wood pulp,,,,Pressed; Recycled,Flammable; Recyclable; Foldable; Lightweight,,,,Papery,,,,Solid,,,Rigid,,,Cheap,Light
645,Wood,,,,,Substance; Material; Fuel; Building material; Natural material,,Brown,,Fire hazard; Splinters,,,Prehistoric,Furniture making; Building; Heating fuel,,,Logs,,,,Carved; Cut,Flammable; Floats; Renewable,,,,Woody,,,,Solid,,,Hard; Fibrous,,,Affordable,
646,Concrete,Pour; Mix,,,,Substance; Material; Building material; Man-made material,,Gray,,,,,Ancient,Building; Road surfacing; Paving,,,Sand; Gravel,,,,Cast; Mixed with water,Durable; Strong; Fireproof,,,,,,,,Solid,,,Rough; Hard,,,Cheap,Heavy
647,Cement,Mix,,,,Substance; Material; Building material; Man-made material,,Gray,,Irritant,,,Ancient,Building,,,Clay; Limestone,,,,Ground; Fired; Mixed with water,Durable; Strong,,,,,,,,Powder,,,Powdery; Fine,,,Cheap,Heavy
648,Brick,Stack; Lay bricks,,,,Substance; Material; Building material; Man-made material,,Reddish-brown,,,,,Ancient,Building; Paving,,,Clay,,,,Molded; Fired,Durable; Stackable; Strong; Fireproof,,Rectangular,,,,,,Solid,,,Rough; Hard,,,Cheap,Heavy
649,Ceramic,,Glossy,,,Substance; Material; Man-made material,,White,,Shatters,,,Ancient,Pottery; Flooring,,,Clay,,,,Molded; Fired,Waterproof; Heat-resistant; Fragile,China,,,,,,,Solid,,,Smooth; Hard; Brittle,,,Affordable,
650,Asphalt,,,,,Substance; Material; Building material; Man-made material,,Black,,Fumes,,,Industrial,Road surfacing; Roofing; Paving,,Road; Highway,Gravel; Petroleum,,,,Mixed; Melted; Rolled,Waterproof; Durable; Melts,,,,Oily,,,,Solid,,,Rough; Hard,,,Cheap,Heavy
651,Coal,,Dull,,,Substance; Material; Rock; Fuel; Natural material,,Black,,Pollution; Fumes,,,Industrial,Fuel; Power supply; Heating fuel,,Mine,Carbon,,,,Mined; Burned,Flammable; Non-renewable,,,,Smoky,,,,Solid,,,Hard; Brittle,,,Cheap,
652,Charcoal,,Dull,,,Substance; Material; Fuel; Man-made material,,Black,,Fumes; Staining,,,Prehistoric,Cooking; Drawing; Fuel,,Barbecue,Carbon,,,,Burned,Flammable; Renewable,,,,Smoky,,,,Solid,,,Brittle; Porous,,,Cheap,Light
653,Petroleum,,Glossy,,,Substance; Material; Fuel; Natural material,,Black,,Fire hazard; Toxic; Pollution; Fumes,,,Industrial,Fuel; Power supply,,Underground,,,,,Refined; Extracted,Flammable; Non-renewable,Middle East,,,Fuel,,,,Liquid,,,Oily; Viscous,,,Expensive,
654,Gasoline,,Transparent,,,Substance; Material; Fuel; Man-made material,,Pale yellow,,Fire hazard; Explosive; Toxic; Pollution; Fumes,,,Industrial,Fuel,,Garage,Petroleum,,,,Refined; Burned,Flammable; Non-renewable,,,,Fuel,,,,Liquid,,,Oily,,,Expensive,
655,Wax,,Translucent,,,Substance; Material; Natural material,,Cream,,,,,Ancient,Illumination; Sealing,,,,,,,Melted; Molded,Waterproof; Flammable; Melts,,,,Waxy,,,,Solid,,,Soft; Waxy,,,Cheap,
656,Diamond,,Transparent; Sparkling,,,Substance; Material; Gemstone; Mineral,,Colorless,,,,Romance,,Gift; Cutting; Jewelry,,Jewelry shop,Carbon,,,,Mined; Cut; Polished,Durable; Scratch-resistant,Africa,,,,,,,Solid; Crystalline,,,Smooth; Hard,,,Precious,
657,Ruby,,Transparent; Sparkling,,,Substance; Material; Gemstone; Mineral,,Red,,,,,,Gift; Jewelry,,Jewelry shop,Mineral,,,,Mined; Cut; Polished,Durable; Scratch-resistant,Asia,,,,,,,Solid; Crystalline,,,Smooth; Hard,,,Precious,
658,Emerald,,Transparent; Sparkling,,,Substance; Material; Gemstone; Mineral,,Green,,,,,,Gift; Jewelry,,Jewelry shop,Mineral,,,,Mined; Cut; Polished,Scratch-resistant,South America,,,,,,,Solid; Crystalline,,,Smooth; Hard,,,Precious,
659,Pearl,,Iridescent; Shiny,,,Substance; Material; Gemstone,,White; Cream,,,,,,Gift; Jewelry,,Seabed; Jewelry shop,,,,,Harvested,,Japan,Spherical,,,,,,Solid,,,Smooth; Hard,,,Precious,
660,Ice,,Transparent,,,Substance,,Colorless,,Slipping; Frostbite,,,,Preserving; Cooling; Skating,,,Water,,,,Frozen,Floats; Melts,,,,,,,,Solid; Crystalline,,Freezing,Hard; Slippery,,,Cheap,
661,Steam,,Translucent,,,Substance,,White,,Scalds,,,Industrial,Cooking; Heating; Power supply,,,Water vapor,Rises,,,Boiled; Evaporated,,,,,,,Hiss,,Gas,,Hot,,,,,
662,Paint,Mix; Dip,Glossy; Opaque,,,Substance; Man-made material,,Multicolored,,Toxic; Fumes; Staining,,,,Painting; Decoration; Protection,,Shed; Studio,Resin,,,,Mixed,,,,,Chemical,,,,Liquid,,,Wet; Viscous,,,Affordable,
663,Ink,Write; Dip; Print,,,,Substance; Man-made material,,Blue; Black,,Staining,,,Ancient,Writing; Drawing; Printing,,Desk,Water; Carbon,,,,Mixed,,,,,,,,,Liquid,,,Wet; Watery,,,Cheap,
664,Violin,Bow; Finger,,,Shoulders; Fingers,Artifact; Musical instrument; String instrument; Bowed string,,,,,,,Traditional,Melody; Classical music,,Concert hall; Orchestra,Wood,,Strings; Bow; Neck,,,Acoustic; Fretless,,Figure-eight,Small,,,High-pitched,,,,,,,Orchestra musician,Expensive,
665,Viola,Bow; Finger,,,Shoulders; Fingers,Artifact; Musical instrument; String instrument; Bowed string,,,,,,,Traditional,Harmony; Classical music,,Concert hall; Orchestra,Wood,,Strings; Bow; Neck,,,Acoustic; Fretless,,Figure-eight,Small,,,Mellow,,,,,,,Orchestra musician,Expensive,
666,Cello,Bow; Finger,,,Fingers,Artifact; Musical instrument; String instrument; Bowed string,,,,,,,Traditional,Bass line; Classical music,,Concert hall; Orchestra,Wood,,Strings; Bow; Neck,,,Acoustic; Fretless,,Figure-eight,Medium,,,Low-pitched; Warm,,,,,,,Orchestra musician,Expensive,
667,Contrabass,Pluck; Bow,,,Arms; Fingers,Artifact; Musical instrument; String instrument; Bowed string,,,,,,,Traditional,Classical music; Jazz,,Club; Orchestra,Wood,,Strings; Bow; Neck,,,Acoustic; Fretless,,Figure-eight,Large,,,Low-pitched; Deep,,,,,,,Orchestra musician,Expensive,
668,Guitar,Pluck; Strum,,,Fingers; Lap,Artifact; Musical instrument; String instrument; Plucked string,,,,,,,Traditional,Folk music; Pop music,,Campsite; Band,Wood,,Strings; Neck; Frets,,,Acoustic; Fretted,,Figure-eight,Medium,,,Mellow; Strum,,,,,,,,Affordable,
669,Banjo,Pluck; Strum,,,Fingers; Lap,Artifact; Musical instrument; String instrument; Plucked string,,,,,,,Traditional,Folk music,,Band,Wood; Skin membrane,,Strings; Neck; Frets,,,Acoustic; Fretted,,Round,Medium,,,Bright,,,,,,,Folk musician,Affordable,
670,Ukulele,Pluck; Strum,,,Fingers,Artifact; Musical instrument; String instrument; Plucked string,,,,,,,Industrial,Accompaniment; Folk music,,Beach; Classroom,Wood,,Strings; Neck; Frets,,,Acoustic; Fretted,,Figure-eight,Small,,,Bright; Strum,,,,,,,Child,Cheap,
671,Harp,Pluck,,,Fingers; Feet,Artifact; Musical instrument; String instrument; Plucked string,,,,,,,Ancient,Classical music; Folk music,,Wedding; Orchestra,Wood,,Pedals; Frame; Strings,,,Acoustic,,Triangular,Large,,,Mellow; Melodic,,,,,,,Orchestra musician,Expensive,
672,Piano,Pedal; Press keys,,,Fingers; Feet,Artifact; Musical instrument; String instrument; Keyboard instrument,,,,,,,Traditional,Classical music; Jazz,,Living room; Concert hall,Wood; Steel,,Pedals; Strings; Keys,,,Acoustic; Polyphonic,,Box-shaped,Large,,,Melodic,,,,,,,,Expensive,
673,Organ,Pedal; Press keys,,,Fingers; Feet,Artifact; Musical instrument; Wind instrument; Keyboard instrument,,,,,,,Medieval,Classical music,,Concert hall; Church,Wood; Tin,,Pedals; Keys; Pipes,Electricity,,Polyphonic; Built-in,,Tall,Huge,,,Deep; Loud,,,,,,,,Expensive,
674,Accordion,Press keys; Squeeze,,,Arms; Fingers,Artifact; Musical instrument; Wind instrument; Keyboard instrument; Reed instrument,,,,,,,Industrial,Folk music; Dance music,,Street; Festival,Wood; Metal,,Keys; Buttons,,,Portable; Polyphonic,,Box-shaped,Medium,,,Reedy; Nasal,,,,,,,Folk musician,,
675,Harmonica,Blow,,,Mouth; Lips,Artifact; Musical instrument; Wind instrument; Reed instrument,,,,,,,Industrial,Folk music; Blues,,Pocket; Band,Metal; Plastic,,Reed; Cover; Holes,Breath,,Portable; Pocket-sized,,Rectangular,Tiny,,,Reedy,,,,,,,Folk musician,Cheap,
676,Synthesizer,Press keys; Plug in,,,Fingers,Artifact; Musical instrument; Keyboard instrument; Electronic device,,,,,,,Modern,Pop music; Dance music,,Stage; Studio,Plastic; Electronics,,Knob; Keys; Buttons,Electricity,,Polyphonic,,Flat,Medium,,,Buzz; Beep,,,,,,,Musician,,
677,Flute,Blow; Finger,,,Lips; Fingers,Artifact; Musical instrument; Wind instrument; Woodwind,,,,,,,Prehistoric,Melody; Classical music,,Concert hall; Orchestra,Silver,,Keys; Mouthpiece,Breath,,Acoustic; Monophonic,,Tubular,Small,,,High-pitched,,,,,,,Orchestra musician,,
678,Piccolo,Blow; Finger,,,Lips; Fingers,Artifact; Musical instrument; Wind instrument; Woodwind,,,,,,,Traditional,Classical music; Military music,,Orchestra; Marching band,Wood,,Keys; Mouthpiece,Breath,,Acoustic; Monophonic,,Tubular,Tiny,,,High-pitched; Shrill,,,,,,,Orchestra musician,,
679,Recorder,Blow; Finger,,,Mouth; Fingers,Artifact; Musical instrument; Wind instrument; Woodwind,,,,,,,Medieval,Classical music; Children music,,Classroom,Wood; Plastic,,Mouthpiece,Breath,,Acoustic; Monophonic,,Tubular,Small,,,Whistle; High-pitched,,,,,,,Child,Cheap,
680,Clarinet,Blow; Finger,,,Lips; Fingers,Artifact; Musical instrument; Wind instrument; Woodwind; Reed instrument,,,,,,,Traditional,Classical music; Jazz,,Orchestra; Band,Wood,,Keys; Mouthpiece; Reed,Breath,,Acoustic; Monophonic,,Tubular,Small,,,Mellow; Reedy,,,,,,,Orchestra musician,,
681,Oboe,Blow; Finger,,,Lips; Fingers,Artifact; Musical instrument; Wind instrument; Woodwind; Reed instrument,,,,,,,Traditional,Classical music,,Concert hall; Orchestra,Wood,,Keys; Reed; Flared bell,Breath,,Acoustic; Monophonic,,Tubular,Small,,,Reedy; Nasal,,,,,,,Orchestra musician,Expensive,
682,Bassoon,Blow; Finger,,,Lips; Fingers,Artifact; Musical instrument; Wind instrument; Woodwind; Reed instrument,,,,,,,Traditional,Bass line; Classical music,,Concert hall; Orchestra,Wood,,Keys; Reed; Strap,Breath,,Acoustic; Monophonic,,Tubular,Medium,,,Low-pitched; Reedy,,,,,,,Orchestra musician,Expensive,
683,Saxophone,Blow; Finger,,,Lips; Fingers,Artifact; Musical instrument; Wind instrument; Woodwind; Reed instrument,,,,,,,Industrial,Jazz; Blues,,Club; Band,Brass,,Keys; Mouthpiece; Reed,Breath,,Acoustic; Monophonic,,Curved,Medium,,,Reedy; Brassy,,,,,,,,Expensive,
684,Bagpipe,Blow; Squeeze,,,Arms; Fingers,Artifact; Musical instrument; Wind instrument; Reed instrument,,,,,,,Medieval,Folk music; Military music,,Parade,Wood; Animal hide,,Mouthpiece; Reed; Pipes,Breath,,Acoustic,,Irregular,Medium,,,Loud,,,,,,,,,
685,Whistle,Blow,,,Lips; Lungs,Artifact; Wind instrument,,,,,,,Industrial,Sports; Signaling,,Sports field; Pool,Metal; Plastic,,Mouthpiece; Slot,Breath,,Pocket-sized,,Compact,Tiny,,,Whistle; Shrill,,,,,,,Referee,Cheap,
686,Trumpet,Blow; Press,,,Lips; Fingers,Artifact; Musical instrument; Wind instrument; Brass instrument,,,,,,,Ancient,Classical music; Jazz,,Orchestra; Band,Brass,,Mouthpiece; Valves; Flared bell,Breath,,Acoustic; Monophonic,,Coiled,Small,,,Bright; Brassy,,,,,,,Orchestra musician,,
687,Bugle,Blow,,,Lips; Lungs,Artifact; Musical instrument; Wind instrument; Brass instrument,,,,,,,Traditional,Signaling; Military music,,Barracks; Parade,Copper; Brass,,Mouthpiece; Flared bell,Breath,,Acoustic; Monophonic,,Coiled,Small,,,Bright; Brassy,,,,,,,,Affordable,
688,Trombone,Blow; Slide,,,Lips; Arms,Artifact; Musical instrument; Wind instrument; Brass instrument,,,,,,,Medieval,Classical music; Jazz,,Orchestra; Band,Brass,,Mouthpiece; Flared bell; Slide,Breath,,Acoustic; Monophonic,,Long,Medium,,,Deep; Brassy,,,,,,,Orchestra musician,,
689,Tuba,Blow; Press,,,Lips; Fingers,Artifact; Musical instrument; Wind instrument; Brass instrument,,,,,,,Industrial,Bass line; Classical music,,Orchestra; Marching band,Brass,,Mouthpiece; Valves; Flared bell,Breath,,Acoustic; Monophonic,,Coiled,Large,,,Low-pitched; Brassy,,,,,,,Orchestra musician,Expensive,
690,Horn,Blow; Press,,,Lips; Fingers,Artifact; Musical instrument; Wind instrument; Brass instrument,,,,,,,Traditional,Harmony; Classical music,,Concert hall; Orchestra,Brass,,Mouthpiece; Valves; Flared bell,Breath,,Acoustic; Monophonic,,Coiled,Small,,,Mellow; Warm,,,,,,,Orchestra musician,Expensive,
691,Drum,Strike; Beat,,,Arms; Hands,Artifact; Musical instrument; Percussion,,,,,,,Prehistoric,Rhythm; Rock music,,Band; Marching band,Wood; Skin membrane,,Drumhead; Sticks; Rim,,,Acoustic,,Cylindrical,Medium,,,Boom; Rhythmic,,,,,,,Drummer,Affordable,
692,Tambourine,Strike; Shake,,,Hands,Artifact; Musical instrument; Percussion,,,,,,,Ancient,Rhythm; Dance music,,Band; Festival,Wood; Brass,,Frame; Drumhead,,,Handheld; Acoustic,,Round,Small,,,Jingle; Rhythmic,,,,,,,Singer,Cheap,
693,Maracas,Shake,,,Hands,Artifact; Musical instrument; Percussion,,,,,,,Ancient,Rhythm; Dance music,,Band; Festival,Wood; Seeds,,Handle,,,Handheld; Acoustic,,Oval,Small,,,Rattle; Rhythmic,,,,,,,Singer,Cheap,
694,Cymbal,Strike; Clap,,,Arms; Hands,Artifact; Musical instrument; Percussion,,,,,,,Ancient,Rhythm; Rock music,,Orchestra; Band,Bronze,,Edge; Bell,,,Acoustic,,Disc-shaped,Medium,,,Ringing; Crash,,,,,,,Drummer,,
695,Gong,Strike,,,Arms,Artifact; Musical instrument; Percussion,,,,,,,Ancient,Worship; Signaling,,Orchestra,Bronze,,Frame; Rim,,,Acoustic,,Disc-shaped,Medium,,,Deep; Ringing,,,,,,,Orchestra musician,,
696,Bell,Strike,,,Arms,Artifact; Musical instrument; Percussion,,,,,,,Ancient,Worship; Signaling,,School; Church,Bronze,,Rope; Tongue,,,Durable; Tuned,,Bell-shaped,Large,,,Ringing; Toll,,,,,,,,,
697,Xylophone,Strike; Tap,,,Hands,Artifact; Musical instrument; Percussion,,,,,,,Ancient,Melody; Children music,,Classroom; Orchestra,Wood,,Frame; Sticks; Bars,,,Tuned; Acoustic,,Flat,Medium,,,Bright; Melodic,,,,,,,Child,,
698,Triangle,Strike; Hold,,,Hands,Artifact; Musical instrument; Percussion,,,,,,,Medieval,Children music,,Classroom; Orchestra,Steel,,Sticks; Loop,,,Handheld; Acoustic,,Triangular,Small,,,High-pitched; Ding,,,,,,,Child,Cheap,
699,Doctor,Diagnose; Examine,,,,Person; Profession; Medical,,,White coat,Infection,,Trust,,Healthcare; Healing,,Hospital; Clinic,Medicine,,,,,Educated; Trusted,,,,,Works in team,,,,,,,Night shift,,Well paid,
700,Nurse,Inject,,,,Person; Profession; Medical,,,Uniform,Infection,,Comfort,,Comfort; Healthcare; Healing,,Hospital; Clinic,Medicine,,,,,Trusted,,,,,Works in team,,,,,,,Night shift,,,
701,Surgeon,Cut; Sew,,,,Person; Profession; Medical,,,Gloves; Mask,Infection,,Trust,,Healing; Surgery,,Hospital,,,,,,Educated; Precise,,,,,Works in team,,,,,,,,,Well paid,
702,Dentist,Drill; Examine,,,,Person; Profession; Medical,,,White coat; Gloves; Mask,,,Fear,,Cleaning teeth; Healing,,Clinic,,,,,,Educated; Precise,,,,,,Whir,,,,,,,,Well paid,
703,Veterinarian,Examine; Inject,,,,Person; Profession; Medical,,,White coat,Bites; Infection,,Trust,,Healing,,Clinic; Farm,Medicine,,,,,Educated,,,,,,,,,,,,,,,
704,Pharmacist,Sell; Measure; Count,,,,Person; Profession; Medical,,,White coat,,,,,Commerce; Medicine supply,,,Medicine,,,,,Educated; Precise,,,,,,,,,,,,,,,
705,Teacher,Teach,,,,Person; Profession; Education,,,,,,,,Education; Teaching,,School; Classroom,Books,,,,,Educated; Patient,,,,,,,,,,,,Day,,,
706,Professor,Write; Teach; Lecture,,,,Person; Profession; Education,,,,,,Respect,,Education; Research; Teaching,,University,Books,,,,,Educated,,,,,,,,,,,,,,,
707,Student,Read; Write; Learn; Study,,,,Person; Education,,,,,,,,Studying; Education,,School; University,Paper; Books,,,,,Young,,,,,,,,,,,,Day,,,
708,Scientist,Observe; Measure; Experiment,,,,Person; Profession; Science,,,White coat,,,Curiosity,Modern,Research; Observation,,Laboratory; University,,,,,,Educated; Curious,,,,,Works in team,,,,,,,,,,
709,Engineer,Draw; Build; Calculate,,,,Person; Profession; Technical,,,Helmet,,,,Modern,Construction; Design,,Office; Construction site,Steel; Concrete,,,,,Educated; Precise,,,,,Works in team,,,,,,,,,Well paid,
710,Programmer,Type; Code; Test,,,,Person; Profession; Technical,,,,Eye strain,,Concentration,Digital,Computing; Design,,Home; Office,,,,,,Educated,,,,,Works alone,Typing,,,,,,,,Well paid,
711,Librarian,Read; Sort; Lend,,,,Person; Profession; Education,,,,,,Calm,,Storing books; Book lending,,Library,Books,,,,,Educated; Quiet,,,,,Works alone,,,,,,,,,,
712,Farmer,Harvest; Feed; Sow,,,,Person; Profession; Agriculture,,,Overalls; Boots,Strain,,,Ancient,Farming; Growing food; Keeping animals,,Field; Farm,Soil; Wheat,,,,,Hardworking,,,,,,,,,,,,Dawn,,,
713,Shepherd,Herd; Guard,,,,Person; Profession; Agriculture,,,,,,Calm,Ancient,Keeping animals,,Mountain; Pasture,Wool,,,,,Patient,,,,,Works alone,Whistle,,,,,,,,,
714,Fisherman,Sail,,,,Person; Profession,,,Boots,Drowning; Sinking,,,Ancient,Fishing; Sailing,,Sea; Harbor,Rope,,,,,Hardworking,,,,,Works in team,,,,,,,Dawn,,,
715,Gardener,Dig; Plant; Water; Prune,,,,Person; Profession; Agriculture,,,Gloves; Boots,,,Calm,,Decoration; Growing plants,,Garden; Park,Soil,,,,,Patient,,,,,Works alone,,,,,,,,,,
716,Hunter,Aim; Shoot; Hunt,,,,Person,,,Boots; Camouflage,,,,Prehistoric,Hunting,,Forest,,,,,,Armed; Patient; Quiet,,,,,Works alone,Bang,,,,,,Dawn,,,
717,Lumberjack,Chop; Saw,,,,Person; Profession,,,Helmet; Boots,Crushes; Cuts,,,,Timber; Logging,,Forest,Wood,,,,,Strong; Hardworking,,,,,Works in team,Sawing,,,,,,,,,
718,Baker,Bake; Knead,,,,Person; Profession; Food trade,,,Apron; White hat,Burns,,,Ancient,Baking; Bread baking,,Bakery,Flour; Dough,,,,,,,,,,,,,,,,,Night; Dawn,,,
719,Butcher,Cut; Chop; Sell,,,,Person; Profession; Food trade,,,Apron,Cuts,,,Ancient,Commerce,,Shop,Meat,,,,,Strong,,,,,,,,,,,,,,,
720,Chef,Chop; Cook; Taste,,,,Person; Profession; Food trade,,,Apron; White hat,Cuts; Burns,,,,Cooking; Food service,,Kitchen; Restaurant,Meat; Vegetables,,,,,Creative; Skilled,,,,,Works in team,,,,,,,Evening,,,
721,Waiter,Carry; Pour; Serve,,,,Person; Profession; Service,,,Uniform; Apron,,,,,Serving; Food service,,Restaurant; Cafe,,,,,,,,,,,Works in team,,,,,,,Evening,,Low paid,
722,Carpenter,Measure; Hammer; Saw,,,,Person; Profession; Craft,,,Overalls,Cuts,,,Ancient,Furniture making; Construction,,Workshop; Construction site,Wood,,,,,Skilled,,,,,,Hammering; Sawing,,,,,,,,,
723,Plumber,Tighten; Fix,,,,Person; Profession; Craft,,,Overalls,,,,,Plumbing; Repair,,Kitchen; Bathroom,Copper,,,,,Skilled,,,,,Works alone,,,,,,,,,,
724,Electrician,Measure; Fix; Test,,,,Person; Profession; Craft,,,Overalls; Gloves,Electric shock,,,Modern,Wiring; Repair,,Home; Construction site,Copper; Wire,,,,,Skilled,,,,,Works alone,,,,,,,,,,
725,Mechanic,Tighten; Fix; Test,,,,Person; Profession; Craft,,,Overalls,Crushes; Fumes,,,Modern,Vehicle repair; Repair,,Garage,Steel; Oil,,,,,Skilled; Dirty,,,,,,,,,,,,,,,
726,Builder,Build; Lift; Lay bricks,,,,Person; Profession; Craft,,,Helmet; Boots,Falls,,,Ancient,Building; Construction,,Construction site,Concrete; Brick,,,,,Strong,,,,,Works in team,Hammering,,,,,,,,,
727,Blacksmith,Hammer; Heat; Forge,,,,Person; Profession; Craft,,,Apron,Burns,,,Ancient; Medieval,Tools; Metalworking,,Workshop,Steel; Iron,,,,,Strong; Skilled,,,,,Works alone,Clang; Hammering,,,,,,,,,
728,Tailor,Cut; Measure; Sew,,,,Person; Profession; Craft,,,,Pricks,,,Ancient,Clothing,,Tailor shop,Fabric; Cotton,,,,,Precise; Skilled,,,,,Works alone,,,,,,,,,,
729,Miner,Dig; Drill,,,,Person; Profession,,,Helmet; Boots,Explosive; Collapse; Suffocation,,,,Mining,,Underground; Mine,Rock; Ore,,,,,Strong; Dirty,,,,,Works in team,,,,,,,,,,
730,Pilot,Steer; Fly; Navigate,,,,Person; Profession; Transport,,,Uniform; Cap,Crashes,,,Modern,Passenger transport; Air travel; Flying aircraft,,Sky; Airport,,,,,,Educated; Skilled,,,,,Works in team,,,,,,,,,Well paid,
731,Driver,Drive; Steer,,,,Person; Profession; Transport,,,,Crashes,,,Modern,Passenger transport; Delivery,,Road,,,,,,,,,,,Works alone,,,,,,,,,,
732,Sailor,Sail; Tie; Navigate,,,,Person; Profession; Transport,,,Uniform,Drowning; Sinking,,,Ancient,Shipping; Sea travel; Sailing,,Sea; Harbor; Ship,Rope,,,,,,,,,,Works in team,,,,,,,,,,
733,Astronaut,Explore; Experiment,,,,Person; Profession; Science,,,Helmet; Spacesuit,Suffocation,,Awe,Modern,Exploration; Space travel; Research,,Space; Orbit,,,,,,Educated; Brave,,,,,Works in team,,,,,,,,,,
734,Soldier,Shoot; Guard,,,,Person; Profession; Military,,,Uniform; Helmet; Boots; Camouflage,Deadly; Violence,,Fear,Ancient,Warfare; Defense,,Battlefield; Barracks,,,,,,Armed; Brave,,,,,Works in team,Bang; Footsteps,,,,,,,,,
735,Policeman,Arrest; Guard,,,,Person; Profession; Emergency service,,,Uniform; Cap,Violence,,Security,Modern,Security; Law enforcement,,Street,,,,,,Armed; Trusted; Brave,,,,,Works in team,Whistle; Siren,,,,,,Night shift,,,
736,Firefighter,Carry; Climb; Rescue,,,,Person; Profession; Emergency service,,,Uniform; Helmet; Boots,Burns; Collapse; Fumes,,Security,,Emergency response; Firefighting; Rescue,,Fire station,Water,,,,,Strong; Brave,,,,,Works in team,Siren,,,,,,Night shift,,,
737,Lifeguard,Watch; Swim; Rescue,,,,Person; Profession; Emergency service,,,,Drowning; Sunburn,,Security,,Protection; Rescue,,Beach; Pool,,,,,,Strong,,,,,,Whistle,,,,,,Summer,,,
738,Judge,Listen,,,,Person; Profession; Legal,,,Robe,,,Respect; Authority,Ancient,Imprisonment; Justice,,Courtroom,,,,,,Educated; Powerful,,,,,Works alone,,,,,,,,,Well paid,
739,Lawyer,Read; Write,,,,Person; Profession; Legal,,,Suit,,,,,Office work; Justice,,Office; Courtroom,Paper,,,,,Educated,,,,,,,,,,,,,,Well paid,
740,Priest,Pray; Preach,,,,Person; Profession; Religious,,,Robe,,,Reverence,Ancient,Worship; Religious service,,Church,,,,,,Educated; Trusted; Holy,,,,,Works alone,Prayer,,,,,,Weekend,,,
741,Monk,Pray; Study; Sing,,,,Person; Religious,,,Robe,,,Calm,Ancient; Medieval,Worship,,Monastery,Books,,,,,Quiet; Holy; Poor; Male,,,,,,Prayer; Chant,,,,,,,,,
742,Nun,Pray; Teach; Sing,,,,Person; Religious,,,Robe,,,Calm,Ancient; Medieval,Worship; Teaching,,Monastery,,,,,,Quiet; Holy; Poor; Female,,,,,,Prayer,,,,,,,,,
743,King,Rule; Command,,,,Person; Royalty,,,Robe; Crown,,,Awe; Authority,Ancient; Medieval,Ruling,,Palace; Castle,Gold,,,,,Powerful; Rich; Male,,,,,,,,,,,,,,,
744,Queen,Rule; Command,,,,Person; Royalty,,,Robe; Crown,,,Awe; Authority,Ancient; Medieval,Ruling,,Palace; Castle,Gold,,,,,Powerful; Rich; Female,,,,,,,,,,,,,,,
745,Prince,,,,,Person; Royalty,,,Crown,,,Romance,Ancient; Medieval,,,Palace; Castle,Gold,,,,,Young; Rich; Male,,,,,,,,,,,,,,,
746,Princess,,,,,Person; Royalty,,,Crown,,,Romance,Ancient; Medieval,,,Palace; Castle,Gold,,,,,Young; Rich; Female,,,,,,,,,,,,,,,
747,Knight,Ride; Fight; Defend,,,,Person; Military,,,Helmet; Armor,Deadly,,,Medieval,Warfare; Combat,,Battlefield; Castle,Steel,,,,,Armed; Brave; Male,,,,,,Clang,,,,,,,,,
748,Pirate,Sail; Fight; Steal,,,,Person; Criminal,,,,Drowning; Violence,,Fear,,Robbery,,Sea; Ship,Gold,,,,,Armed; Outlaw,,,,,Works in team,,,,,,,,,,
749,Thief,Run; Steal; Hide,,,,Person; Criminal,,,Mask,,,Fear,,Robbery,,Street,,,,,,Quiet; Outlaw,,,,,Works alone,,,,,,,Night,,,
750,Painter,Draw; Mix; Paint,,,,Person; Profession; Arts,,,Smock,,,,,Painting; Art,,Studio,Canvas; Paint,,,,,Creative,,,,,Works alone,,,,,,,,,,
751,Sculptor,Hammer,,,,Person; Profession; Arts,,,Smock,Flying debris,,,Ancient,Carving; Sculpture; Art,,Studio,Clay; Stone,,,,,Creative; Skilled,,,,,Works alone,,,,,,,,,,
752,Musician,Play; Tune; Perform,,,,Person; Profession; Performer; Arts,,,,Hearing damage,,Joy,,Entertainment; Performance; Accompaniment,,Concert hall; Stage,,,,,,Creative; Skilled,,,,,Works in team,Music,,,,,,Evening,,,
753,Singer,Perform; Sing,,,,Person; Profession; Performer; Arts,,,,,,Joy,,Entertainment; Performance; Melody,,Concert hall; Stage,,,,,,Creative; Famous,,,,,,Music; Singing,,,,,,Evening,,,
754,Actor,Speak; Perform,,,,Person; Profession; Performer; Arts,,,Costume; Makeup,,,,Ancient,Entertainment; Performance; Acting,,Theater; Stage,,,,,,Creative; Famous,,,,,Works in team,Speech; Applause,,,,,,Evening,,,
755,Dancer,Jump; Dance; Perform,,,,Person; Profession; Performer; Arts,,,Costume,Sprains,,Joy; Elegance,,Entertainment; Performance; Exercise,,Theater; Stage,,,,,,Strong; Creative,,,,,Works in team,Music; Applause,,,,,,Evening,,,
756,Clown,Throw; Catch; Perform,,,,Person; Profession; Performer,,,Costume; Makeup,,,Fear; Joy; Amusement,,Entertainment,,Circus,,,,,,,,,,,,Honk; Laughter,,,,,,,,,
757,Magician,Perform; Hide,,,,Person; Profession; Performer,,,Suit,,,Wonder; Mystery,,Entertainment; Performance,,Stage; Circus,,,,,,Skilled,,,,,Works alone,Applause,,,,,,Evening,,,
758,Writer,Type; Write,,,,Person; Profession; Arts,,,,,,,,Writing; Entertainment; Literature,,Home; Office,Paper; Ink,,,,,Educated; Creative,,,,,Works alone,,,,,,,,,,
759,Poet,Write; Speak,,,,Person; Arts,,,,,,Romance; Sadness,Ancient,Writing; Literature,,Home,Paper; Ink,,,,,Creative; Poor,,,,,Works alone,,,,,,,,,,
760,Journalist,Write,,,,Person; Profession; Media,,,,,,,Modern,Writing; Communication; Broadcasting,,Office; Street,Paper,,,,,Educated; Curious,,,,,,,,,,,,,,,
761,Photographer,Photograph; Focus,,,,Person; Profession; Arts; Media,,,,,,,Modern,Photography; Art,,Studio,,,,,,Creative,,,,,Works alone,,,,,,,,,,
762,Athlete,Jump; Run; Compete,,,,Person; Profession,,,,Strain; Sprains,,Excitement,Ancient,Sports; Entertainment; Exercise,,Stadium; Gym,,,,,,Strong; Young; Famous,,,,,,Cheering,,,,,,,,,
763,Barber,Cut; Shave; Comb,,,,Person; Profession; Service,,,Apron,,,,Ancient,Cutting; Shaving; Grooming,,Barbershop,,,,,,Skilled,,,,,Works alone,Buzz; Snip,,,,,,,,,
764,Postman,Walk; Sort,,,,Person; Profession; Service,,,Uniform; Cap,Bites,,,,Delivery; Communication,,Street; Post office,Paper,,,,,,,,,,Works alone,,,,,,,Morning,,,
765,Cashier,Sell; Scan; Count,,,,Person; Profession; Service,,,Uniform,Robbery,,,Modern,Commerce; Money handling,,Shop; Supermarket,Money,,,,,,,,,,,Beep,,,,,,,,Low paid,
766,Shopkeeper,Sell; Store; Count,,,,Person; Profession; Service,,,Apron,Robbery,,,Ancient,Shopping; Commerce,,Shop,Money,,,,,,,,,,Works alone,,,,,,,,,,
767,Banker,Count; Calculate; Lend,,,,Person; Profession; Service,,,Suit,Robbery,,,,Banking; Money handling,,Office; Bank,Money,,,,,Educated; Rich,,,,,,,,,,,,,,Well paid,
768,Cleaner,Wash; Sweep; Scrub,,,,Person; Profession; Service,,,Overalls; Gloves,Slipping; Irritant,,,,Cleaning; Sweeping; Mopping,,Office; School,Water,,,,,,,,,,Works alone,,,,,,,Night; Evening,,Low paid,
769,Salmon,,,Swims upstream,,Living thing; Animal; Fish; Seafood; Freshwater fish; Saltwater fish,,Silver,Scales,,Carnivore; Small fish,,,Sport fishing,Lays eggs; Migrates,River; Ocean,,Leaps; Swims,Fins; Gills,,,,,Streamlined,Medium,,School,,,,,,,,,,
770,Trout,,Spotted,,,Living thing; Animal; Fish; Seafood; Freshwater fish,,Brown,Scales,,Carnivore; Insects,,,Sport fishing,Lays eggs,River,,Swims,Fins; Gills,,,,,Streamlined,Small,,Solitary,,,,,,,,,,
771,Tuna,,,,,Living thing; Animal; Fish; Predator; Seafood; Saltwater fish,,Blue,Scales,,Carnivore; Fish,,,Sport fishing,Lays eggs; Migrates,Ocean,,Swims,Fins; Gills; Forked tail,,,,,Streamlined,Large,,School,,Very fast,,,,,,,,
772,Swordfish,,,,,Living thing; Animal; Fish; Predator; Seafood; Saltwater fish,,Blue,Skin,,Carnivore; Fish,,,Sport fishing,Lays eggs; Migrates,Ocean,,Swims,Fins; Gills; Sword bill,,,,,Streamlined,Large,,Solitary,,Very fast,,,,,,,,
773,Mackerel,,Striped,,,Living thing; Animal; Fish; Seafood; Saltwater fish,,Blue,Scales,,Carnivore; Small fish,,,,Lays eggs; Migrates,Ocean,,Swims,Fins; Gills; Forked tail,,,,,Streamlined,Small,,School,,,,,,,,,,
774,Herring,,,,,Living thing; Animal; Fish; Seafood; Saltwater fish,,Silver,Scales,,Filter feeder; Plankton,,,,Lays eggs; Migrates,Ocean,,Swims,Fins; Gills; Forked tail,,,,Atlantic,Streamlined,Small,,School,,,,,,,,,,
775,Sardine,,,,,Living thing; Animal; Fish; Seafood; Saltwater fish,,Silver,Scales,,Filter feeder; Plankton,,,,Lays eggs,Coast,,Swims,Fins; Gills; Forked tail,,,,Mediterranean,Streamlined,Small,,School,,,,,,,,,,
776,Cod,,Speckled,Bottom-feeds,,Living thing; Animal; Fish; Predator; Seafood; Saltwater fish,,Gray,Scales,,Carnivore; Small fish,,,,Lays eggs,Seabed,,Swims,Fins; Gills; Barbels,,,,Atlantic,,Medium,,School,,,,,,,,,,
777,Flounder,,Camouflaged,Buries in sand,,Living thing; Animal; Fish; Seafood; Saltwater fish,,Brown,Scales,,Carnivore; Worms,,,,Lays eggs,Seabed,,Swims,Fins; Gills,,,,,Flat,Small,,Solitary,,,,,,,,,,
778,Carp,,,Bottom-feeds,,Living thing; Animal; Fish; Freshwater fish,,Brown,Scales,,Omnivore; Aquatic plants,,,Sport fishing,Lays eggs,Pond,,Swims,Fins; Gills; Barbels,,,,,,Medium,,School,,,,,,,,,,
779,Goldfish,,,,,Living thing; Animal; Fish; Domestic animal; Pet; Freshwater fish,,Orange,Scales,,Omnivore; Pet food,,,Ornament,Lays eggs,Aquarium,,Swims,Fins; Gills,,,,,,Small,,Lives with humans,,,,,,,,,,
780,Catfish,,,Bottom-feeds,,Living thing; Animal; Fish; Seafood; Freshwater fish,,Gray,Skin,,Omnivore; Worms,,,,Lays eggs,River,,Swims,Fins; Gills; Barbels,,,,,,Medium,,Solitary,,,,,,,Nocturnal,,,
781,Pike,,Mottled,Ambushes,,Living thing; Animal; Fish; Predator; Freshwater fish,,Green,Scales,Bites,Carnivore; Fish,,,Sport fishing,Lays eggs,Lake,,Swims,Sharp teeth; Fins; Gills,,,,,Long,Medium,,Solitary,,,,,,,,,,
782,Piranha,,,,,Living thing; Animal; Fish; Predator; Freshwater fish,,Silver,Scales,Bites,Carnivore; Fish,,,,Lays eggs,River,,Swims,Sharp teeth; Fins; Gills,,,,South America,,Small,,School,,,,,,,,,,
783,Eel,,,Hides in cracks,,Living thing; Animal; Fish; Seafood; Freshwater fish,,Brown,Slime,,Carnivore; Worms,,,,Lays eggs; Migrates,River,,Swims; Slithers,Fins; Gills,,,,,Long,Small,,Solitary,,,,,,,Nocturnal,,,
784,Shark,,,,,Living thing; Animal; Fish; Predator; Saltwater fish,,Gray,Skin,Deadly,Carnivore; Fish,,,,Live birth,Ocean,,Swims,Sharp teeth; Fins; Gills; Dorsal fin,,,,,Streamlined,Large,,Solitary,,,,,,,,,,
785,Ray,,Camouflaged,Buries in sand,,Living thing; Animal; Fish; Saltwater fish,,Gray,Skin,Stings,Carnivore; Shellfish,,,,Live birth,Seabed,,Swims; Glides,Fins; Gills; Stinger,,,,,Flat,Medium,,Solitary,,,,,,,,,,
786,Seahorse,,Camouflaged,Changes color,,Living thing; Animal; Fish; Saltwater fish,,Yellow,,,Carnivore; Plankton,,,,Lays eggs; Mates for life,Reef,,Swims; Drifts,Snout; Fins; Prehensile tail,,,,,Curved,Tiny,,Pairs,,Very slow,,,,,,,,
787,Clownfish,,Banded,,,Living thing; Animal; Fish; Pet; Saltwater fish,,Orange; White,Scales,,Omnivore; Algae,,,Ornament,Lays eggs,Reef; Aquarium,,Swims,Fins; Gills,,,,,,Tiny,,Pairs,,,,,,,,,,
788,Pufferfish,,Spotted,Inflates,,Living thing; Animal; Fish; Seafood; Saltwater fish,,Brown,Skin,Poisonous,Omnivore; Shellfish,,,Delicacy,Lays eggs,Reef,,Swims,Fins; Gills; Spines,,,,,Round,Small,,Solitary,,,,,,,,,,
789,Anglerfish,,Glowing,Ambushes,,Living thing; Animal; Fish; Predator; Saltwater fish,,Black,Skin,,Carnivore; Fish,,,,Lays eggs,Deep sea,,Swims; Drifts,Sharp teeth; Fins; Gills; Lure,,,,,Round,Small,,Solitary,,,,,,,,,,
790,Octopus,,Camouflaged,Changes color; Squirts ink,,Living thing; Animal; Mollusk; Invertebrate; Predator; Cephalopod; Seafood,,Brown,Skin,,Carnivore,,,,Lays eggs,Seabed,,Swims; Crawls,Suckers; Eight arms; Ink sac,,,,,,Medium,,Solitary,,,,,,,Nocturnal,,,
791,Squid,,Translucent,Squirts ink,,Living thing; Animal; Mollusk; Invertebrate; Predator; Cephalopod; Seafood,,White,Skin,,Carnivore; Small fish,,,,Lays eggs,Ocean,,Swims,Tentacles; Suckers; Ink sac,,,,,Streamlined,Small,,School,,,,,,,Nocturnal,,,
792,Jellyfish,,Translucent,Swarms,,Living thing; Animal; Invertebrate,,Colorless,,Stings,Carnivore; Plankton,,,,Spawns,Ocean,,Drifts,Tentacles; Stinging cells,,,,,Bell-shaped,Small,,Swarm,,,,,,,,,,
793,Starfish,,,Regenerates limbs,,Living thing; Animal; Invertebrate; Predator,,Orange,Skin,,Carnivore; Shellfish,,,,Spawns,Seabed,,Crawls,Suckers; Five arms,,,,,Star-shaped,Small,,Solitary,,Very slow,,,,,,,,
794,Urchin,,,Grazes,,Living thing; Animal; Invertebrate; Seafood,,Purple,Shell,Pricks,Herbivore; Algae,,,Delicacy,Spawns,Rocky shore,,Crawls,Suckers; Spines,,,,,Spherical,Small,,,,Very slow,,,,,,,,
795,Crab,,,Walks sideways,,Living thing; Animal; Crustacean; Invertebrate; Shellfish; Seafood,,Brown,Exoskeleton,Pinches; Allergenic,Omnivore; Algae,,,,Lays eggs; Molts,Rocky shore,,Crawls; Scuttles,Pincers; Eyestalks; Ten legs,,,,,Wide,Small,,Solitary,,,,,,,,,,
796,Lobster,,,Hides in cracks,,Living thing; Animal; Crustacean; Invertebrate; Shellfish; Seafood,,Red,Exoskeleton,Pinches; Allergenic,Omnivore; Shellfish,,,Delicacy,Lays eggs; Molts,Seabed,,Crawls,Pincers; Antennae; Ten legs,,,,,Long,Small,,Solitary,,,,,,,Nocturnal,,,
797,Crayfish,,,Hides in cracks,,Living thing; Animal; Crustacean; Invertebrate; Shellfish; Seafood,,Brown,Exoskeleton,Pinches; Allergenic,Omnivore; Aquatic plants,,,,Lays eggs; Molts,River,,Crawls,Pincers; Antennae; Ten legs,,,,,Long,Small,,Solitary,,,,,,,Nocturnal,,,
798,Shrimp,,Translucent,,,Living thing; Animal; Crustacean; Invertebrate; Shellfish; Seafood,,Gray,Exoskeleton,Allergenic,Omnivore; Plankton,,,,Lays eggs; Molts,Seabed,,Swims,Antennae; Ten legs,,,,,Curved,Tiny,,School,,,,,,,,,,
799,Krill,,Translucent,Swarms,,Living thing; Animal; Crustacean; Invertebrate,,Pink,Exoskeleton,,Filter feeder; Algae,,,,Lays eggs; Molts,Ocean,,Swims,Antennae; Ten legs,,,,Antarctica,,Tiny,,Swarm,,,,,,,,,,
800,Oyster,,,Makes pearls,,Living thing; Animal; Mollusk; Invertebrate; Shellfish; Seafood,,Gray,Shell,Food poisoning,Filter feeder; Plankton,,,Delicacy,Spawns,Seabed,,Sessile,Gills; Two shells,,,,,Irregular,Small,,Colony,,,,,,,,,,
801,Mussel,,,,,Living thing; Animal; Mollusk; Invertebrate; Shellfish; Seafood,,Black,Shell,Food poisoning,Filter feeder; Plankton,,,,Spawns,Rocky shore,,Sessile,Gills; Beard; Two shells,,,,,Oval,Small,,Colony,,,,,,,,,,
802,Clam,,,Buries in sand,,Living thing; Animal; Mollusk; Invertebrate; Shellfish; Seafood,,White,Shell,Food poisoning,Filter feeder; Plankton,,,,Spawns,Seabed,,Burrows,Gills; Foot; Two shells,,,,,Round,Small,,Colony,,,,,,,,,,
803,Scallop,,,,,Living thing; Animal; Mollusk; Invertebrate; Shellfish; Seafood,,Pink,Shell,,Filter feeder; Plankton,,,Delicacy,Spawns,Seabed,,Swims,Gills; Two shells; Many eyes,,,,,,Small,,Colony,,,,,,,,,,
804,Coral,,Colorful,Builds reef,,Living thing; Animal; Invertebrate,,Pink,,Cuts,Filter feeder; Plankton,,,Tourism,Spawns,Reef,,Sessile,Tentacles; Stinging cells,,,,,Branching,,,Colony,,,,,,,,,,
805,Football,Throw; Kick,,,Feet,Artifact; Sports equipment; Ball,,Black; White,,,,Excitement,,Sports; Play; Soccer,,Stadium; Sports field,Rubber; Leather,Rolls; Bounces,Valve,,,Inflatable,,Spherical,Small,,Team,,,,,,,,Player; Goalkeeper,,
806,Basketball,Throw; Bounce; Shoot,,,Hands,Artifact; Sports equipment; Ball,,Orange,,,,Excitement,,Sports; Play; Basketball,,Court; Gym,Rubber; Leather,Rolls; Bounces,Valve,,,Inflatable,,Spherical,Small,,Team,,,,,,,,Player,,
807,Volleyball,Hit; Jump; Serve,,,Arms; Hands,Artifact; Sports equipment; Ball,,White,,,,Excitement,,Sports; Play; Volleyball,,Beach; Court,Leather,Rolls; Bounces,Valve,,,Inflatable,,Spherical,Small,,Team,,,,,,,,Player,,
808,Baseball,Throw; Catch; Hit,,,Hands,Artifact; Sports equipment; Ball,,White,,Impact injury,,Excitement,,Sports; Play; Baseball,,Stadium; Sports field,Leather; Cork,Rolls; Bounces,,,,,North America,Spherical,Small,,Team,,,,,,Hard,,Player,,
809,Racket,Hit; Swing; Serve,,,Arms; Hands,Artifact; Sports equipment,,,,Strain,,Excitement,,Tennis; Badminton,,Court,Nylon; Graphite,,Handle; Frame; Strings,,,Handheld; Lightweight,,Oval; Long,Medium,,Two players,,,,,,,,Player,,
810,Shuttlecock,Hit; Serve,,,,Artifact; Sports equipment,,White,,,,Excitement,,Badminton,,Garden; Court,Feathers; Cork,Flies,,,,Lightweight,,Conical,Small,,Two players,,,,,,,,Player,,
811,Puck,Hit; Shoot,,,,Artifact; Sports equipment,,Black,,Impact injury,,Excitement,,Hockey,,Ice rink,Rubber,Slides,,,,,,Flat; Disc-shaped,Small,,Team,,,,,,Hard,Winter,Player; Goalkeeper,,
812,Ski,Balance; Turn; Ski,,,Feet,Artifact; Sports equipment,,,,Falls; Fractures,,Thrill,,Sports; Skiing,,Mountain; Ski slope,Steel; Fiberglass,Slides,Tip; Edge,,,Paired,,Long; Narrow,Large,,Solo,,,,,,,Winter,Athlete,,
813,Snowboard,Slide; Jump; Balance,,,Feet,Artifact; Sports equipment,,,,Falls; Fractures,,Thrill,,Sports; Recreation,,Mountain; Ski slope,Wood; Fiberglass,Slides,Edge,,,Single,,Flat; Long,Large,,Solo,,,,,,,Winter,Athlete; Teenager,,
814,Skateboard,Ride; Jump; Balance,,,Feet,Artifact; Sports equipment,,,,Falls; Fractures,,Thrill,,Sports; Recreation,,Park; Sidewalk,Wood; Plastic,Rolls,Wheels; Deck,,,Wheeled; Unpowered,,Flat; Long,Medium,,Solo,,,,,,,,Teenager; Skater,,
815,Surfboard,Ride; Balance; Paddle,,,Feet,Artifact; Sports equipment,,,,Drowning; Strong currents,,Thrill,,Sports; Recreation,,Ocean; Beach,Foam; Fiberglass,Glides; Floats,Fins; Deck,,,,,Flat; Long,Large,,Solo,,,,,,,Summer,Athlete,,
816,Skate,Lace; Balance; Skate,,,Feet,Artifact; Footwear; Sports equipment,,,,Cuts; Falls,,Thrill,,Hockey; Skating,,Lake; Ice rink,Steel; Leather,Glides; Slides,Blade; Laces,,,Paired,,,Small,,,,,,,,,Winter,Skater,,
817,Kite,Fly; Hold; Run,,,,Artifact; Toy,Windy,Multicolored,,,,Joy; Freedom,,Recreation; Play; Flying kites,,Beach; Park,Nylon; Bamboo; String,Flies; Soars,Tail; Frame; String,,,Lightweight,China,Flat,Medium,,,,,,,,,,Child,,
818,Frisbee,Throw; Catch,,,,Artifact; Sports equipment; Toy,,,,,,Fun,,Recreation; Play; Throwing game,,Beach; Park,Plastic,Flies; Spins,Rim,,,Lightweight,,Flat; Disc-shaped,Small,,,,,,,,,Summer,Child; Teenager,,
819,Dart,Throw; Aim,,,,Artifact; Sports equipment,,,,Pricks; Eye injury,,Concentration,,Throwing game,,Bar; Club,Steel; Plastic,Flies,Tip; Shaft; Fletching,,,,,Thin; Pointed,Small,,Two players,,,,,,,,Player,,
820,Bow,Aim; Shoot; Pull,,,Arms; Hands,Artifact; Sports equipment; Weapon,,,,Deadly,,Concentration,Prehistoric,Warfare; Hunting; Archery,,Forest; Battlefield,Wood; String,,Grip; String,,,,,Long; Curved,Medium,,,,,,,,,,Hunter; Archer,,
821,Arrow,Aim; Shoot,,,,Artifact; Sports equipment; Weapon,,,,Deadly; Pricks,,,Prehistoric,Warfare; Hunting; Archery,,Forest; Battlefield,Wood; Steel; Feathers,Flies,Tip; Shaft; Fletching,,,,,Long; Thin; Pointed,Medium,,,,Fast,,,,,,Hunter; Archer,,
822,Sword,Swing; Fight; Defend,Shiny,,Arms; Hands,Artifact; Weapon,,,,Deadly; Cuts,,,Ancient,Warfare; Combat,,Battlefield; Museum,Steel,,Handle; Blade; Tip,,,,,Long; Straight; Pointed,Medium,,,,,,,,,,Knight; Soldier,,
823,Dumbbell,Lift; Flex,,,Arms; Hands,Artifact; Sports equipment,,,,Strain,,Energy,,Lifting; Exercise,,Home; Gym,Iron; Rubber,,Grip,,,Handheld; Paired,,Compact,Small,,Solo,,,,,,,,Athlete; Weightlifter,,
824,Trampoline,Bounce; Jump; Flip,,,Legs,Artifact; Sports equipment; Playground equipment,,,,Falls; Bruises; Sprains,,Joy; Fun,,Exercise; Play,,Garden; Gym,Steel; Nylon,Bounces,Frame; Springs; Net,,,Fixed,,Round; Flat,Large,,,,,,,,Springy,,Child,,
825,Swing,Sit on; Swing; Push,,,,Artifact; Playground equipment,,,,Falls; Bruises,,Joy; Fun,,Play,,Garden; Playground; Park,Wood; Steel,Swings,Seat; Chain; Frame,,,Fixed,,,Large,,,,,,,,,,Child,,
826,Slide,Climb; Slide,,,,Artifact; Playground equipment,,,,Falls; Bruises,,Joy; Fun,,Play,,Garden; Playground; Park,Steel; Plastic,Slides,Platform,,,Fixed,,Long; Sloped,Large,,,,,,,,Smooth; Slippery,,Child,,
827,Seesaw,Sit on; Balance; Push,,,,Artifact; Playground equipment,,,,Falls; Bruises,,Joy; Fun,,Play,,Garden; Playground; Park,Wood; Steel,Tilts; Rocks,Handle; Seats,,,Fixed; Balanced,,Long,Large,,Two players,,,,,,,,Child,,
828,Doll,Carry; Hug,,,,Artifact; Toy,,,,,,Affection; Joy,,Play; Pretend play; Cuddling,,Bedroom; Nursery; Toy shop,Plastic; Fabric,,Head; Legs,,,,,,Small,,,,,,,,,,Child,,
829,Teddy,Carry; Squeeze; Hug,,,,Artifact; Toy,,Brown,,,,Affection; Comfort,,Play; Soothing; Cuddling,,Bedroom; Nursery; Toy shop,Fabric; Cotton,,Paws; Head,,,Washable,,,Small,,,,,,,,Soft; Fluffy,Bedtime,Child; Baby,,
830,Puppet,Pull; Perform,,,,Artifact; Toy,,,,,,Joy; Amusement,,Entertainment; Play; Pretend play,,Theater; Toy shop,Wood; Fabric,Dances,Head; String,,,,,,Small,,,,,,,,,,Child,,
831,Yoyo,Throw; Catch,,,Fingers,Artifact; Toy,,,,,,Fun,,Play,,Pocket; Toy shop,Wood; Plastic,Spins,String,,,Handheld; Pocket-sized,,Round; Disc-shaped,Small,,Solo,,,,,,,,Child,,
832,Rattle,Shake; Chew; Grasp,,,,Artifact; Toy,,,,Choking hazard,,Joy; Amusement,,Play; Soothing,,Nursery; Toy shop,Plastic,,Handle,,,Washable; Handheld,,,Small,,,,,,,,,,Baby,,
833,Balloon,Blow; Tie; Inflate,,,,Artifact; Decoration; Toy,,Multicolored,,Choking hazard,,Joy; Festivity,,Celebration; Decoration; Play,,Party; Fair,Helium; Latex,Floats; Rises,String; Knot,,,Inflatable; Lightweight,,Round,Small,,,,,,,,Rubbery; Elastic,Festive occasions,Child,,
834,Puzzle,Think; Sort,,,,Artifact; Toy; Game,,,,,,Calm; Concentration,,Relaxation; Play; Puzzle solving,,Living room; Table,Cardboard,,Pieces,,,,,Rectangular; Flat,Small,,Solo,,,,,,,,Child; Elderly,,
835,Chessboard,Play; Think; Compete,Patterned,,,Artifact; Game,,Black; White,,,,Concentration,Medieval,Board game; Puzzle solving,,Table; Club,Wood,,Pieces,,,,India,Square; Flat,Small,,Two players,,,,,,,,Elderly; Player,,
836,Dice,Throw; Roll; Shake,Spotted,,,Artifact; Game,,White,,,,Excitement; Luck,Ancient,Play; Board game,,Table,Plastic,Rolls,,,,Pocket-sized; Numbered,,Box-shaped,Tiny,,Multiplayer,,,,,,,,Child; Player,,
837,Hammer,Swing,,,,Artifact; Tool; Hand tool; Striking tool,,,,,,,,,,Toolbox,Wood; Steel,,Head; Handle; Claw,Muscle,,,,T-shaped,Small,,,Bang,,,,,,,Carpenter,,Light
838,Mallet,Swing,,,,Artifact; Tool; Hand tool; Striking tool,,,,,,,,,,Workshop,Wood,,Head; Handle,Muscle,,,,T-shaped,Small,,,Thud,,,,,,,Carpenter,,Light
839,Axe,Swing,,,,Artifact; Tool; Hand tool; Cutting tool,,,,Cuts,,,,Chopping,,Shed,Wood; Steel,,Head; Handle; Blade,Muscle,,,,,Medium,,,Chop,,,,,,,Lumberjack,,Light
840,Hatchet,Swing,,,,Artifact; Tool; Hand tool; Cutting tool,,,,Cuts,,,,Chopping,,Campsite,Wood; Steel,,Head; Handle; Blade,Muscle,,,,,Small,,,Chop,,,,,,,Camper,,Light
841,Pickaxe,Swing,,,,Artifact; Tool; Hand tool; Digging tool,,,,Flying debris,,,,Digging; Mining,,Mine; Quarry,Wood; Steel,,Head; Handle; Tip,Muscle,,,,Pointed; T-shaped,Medium,,,Clang,,,,,,,Miner,,Light
842,Saw,Push; Pull,,,,Artifact; Tool; Hand tool; Cutting tool,,,,Cuts,,,,Sawing,,Toolbox,Wood; Steel,,Handle; Blade; Teeth,Muscle,,,,Flat,Small,,,Sawing,,,,,,,Carpenter,,Light
843,Chainsaw,Hold,,,,Artifact; Tool; Power tool; Cutting tool,,,,Cuts,,,,Sawing; Logging,,Forest,Steel; Plastic,,Handle; Engine; Chain,Gasoline,,,,,Medium,,,Roar,,,,,,,Lumberjack,,Medium weight
844,Chisel,Push,,,,Artifact; Tool; Hand tool; Cutting tool,,,,Cuts,,,,Carving,,Workshop,Wood; Steel,,Handle; Blade,Muscle,,,,Long,Small,,,Tapping,,,,,,,Carpenter,,Light
845,Screwdriver,Twist,,,,Artifact; Tool; Hand tool,,,,,,,,,,Toolbox,Steel; Plastic,,Handle; Tip; Shaft,Muscle,,,,Long,Small,,,,,,,,,,Homeowner,,Light
846,Wrench,Turn,,,,Artifact; Tool; Hand tool,,,,,,,,,,Garage,Steel,,Jaws; Handle,Muscle,,,,Long,Small,,,,,,,,,,Mechanic,,Light
847,Pliers,Squeeze,,,,Artifact; Tool; Hand tool,,,,Pinches,,,,Gripping,,Toolbox,Steel,,Jaws; Handle; Hinges,Muscle,,,,,Small,,,,,,,,,,Electrician,,Light
848,Drill,Press,,,,Artifact; Tool; Power tool,,,,Flying debris,,,,,,Workshop,Steel; Plastic,,Handle; Motor,Battery,,,,,Small,,,Whir,,,,,,,Builder,,Light
849,Crowbar,Pull,,,,Artifact; Tool; Hand tool,,,,,,,,,,Construction site,Steel,,Shaft; Claw,Muscle,,,,Long,Small,,,Clang,,,,,,,Builder,,Light
850,Nail,Hammer,,,,Artifact; Fastener,,,,Pricks,,,,Fastening,,Toolbox,Steel,,Head; Tip,,,,,Thin; Pointed,Tiny,,,,,,,,,,Carpenter,,Very light
851,Screw,Twist,,,,Artifact; Fastener,,,,Pricks,,,,Fastening,,Toolbox,Steel,,Head; Tip; Screw thread,,,,,Thin; Pointed,Tiny,,,,,,,,,,Carpenter,,Very light
852,Bolt,Tighten,,,,Artifact; Fastener,,,,,,,,Fastening; Joining,,Garage,Steel,,Head; Screw thread,,,,,Cylindrical,Tiny,,,,,,,,,,Mechanic,,Very light
853,Rope,Tie; Pull,,,,Artifact; Tool,,,,,,,,Hauling; Climbing,,Shed; Ship,Nylon; Plant fiber,,Strands,,,,,Long; Coiled,Medium,,,,,,,,Rough; Flexible,,Sailor,,Light
854,Chain,Lock; Pull,,,,Artifact; Tool,,,,,,,,Lifting; Hauling; Security,,Garage; Harbor,Steel,,Links,,,Rusts,,Long,Medium,,,Rattle,,,,,Hard,,,,Medium weight
855,Ruler,Measure,,,,Artifact; Tool; Measuring tool; Stationery,,,,,,,,Measuring; Drawing,,Classroom; Desk,Wood; Plastic,,Edge; Scale markings,,,,,Flat; Straight,Small,,,,,,,,,,Student,,Very light
856,Sandpaper,Rub,,,,Artifact; Tool,,,,,,,,,,Workshop,Sand; Paper,,,Muscle,,Disposable,,Flat,Small,,,Scraping,,,,,Rough; Gritty,,Carpenter,,Very light
857,Paintbrush,Dip; Paint,,,,Artifact; Tool,,,,,,,,Painting,,Studio,Wood; Bristle,,Handle; Bristles,Muscle,,,,Long,Small,,,Swish,,,,,,,Painter; Artist,,Very light
858,Ladder,Climb,,,,Artifact; Tool,,,,Falls,,,,Climbing,,Garage; Construction site,Wood; Aluminum,,Rails; Rungs,,,Foldable,,Tall; Narrow,Large,,,,,,,,,,Painter,,Medium weight
859,Vise,Turn; Tighten,,,,Artifact; Tool,,,,Pinches,,,,Holding; Clamping,,,Steel; Iron,,Jaws; Handle; Screw thread,Muscle,,Fixed,,,Small,,,,,,,,,,Carpenter,,Medium weight
860,Clamp,Tighten,,,,Artifact; Tool; Hand tool,,,,Pinches,,,,Holding; Clamping,,Toolbox,Steel,,Jaws; Handle; Screw thread,Muscle,,Adjustable,,Curved,Small,,,,,,,,,,Carpenter,,Light
861,Anvil,Hammer; Forge,,,,Artifact; Tool,,,,,,,Ancient,Metalworking,,Workshop,Iron,,Base,,,Durable,,Bulky,Medium,,,Ringing; Clang,,,,,,,,,Heavy
862,Wheelbarrow,Push; Load,,,,Artifact; Tool; Garden tool,,,,,,,,Hauling,,Garden; Construction site,Steel; Rubber,,Handle; Wheel; Legs,Muscle,,,,,Medium,,,Squeak,,,,,,,Builder; Gardener,,Medium weight
863,Shovel,Dig; Scoop,,,,Artifact; Tool; Digging tool,,,,Strain,,,,Digging; Scooping,,Shed; Construction site,Wood; Steel,,Handle; Shaft; Scoop,Muscle,,,,Long,Medium,,,Scraping,,,,,,,Builder,,Light
864,Spade,Dig; Step on,,,,Artifact; Tool; Garden tool; Digging tool,,,,Strain,,,,Digging,,Garden; Shed,Wood; Steel,,Handle; Blade; Shaft,Muscle,,,,Long,Medium,,,,,,,,,,Gardener,,Light
865,Trowel,Dig; Plant,,,,Artifact; Tool; Garden tool; Digging tool,,,,,,,,Digging,,Garden,Wood; Steel,,Handle; Scoop,Muscle,,,,Pointed,Small,,,,,,,,,,Gardener,,Light
866,Rake,Pull,,,,Artifact; Tool; Garden tool,,,,,,,,,,Garden; Shed,Wood; Steel,,Handle; Teeth,Muscle,,,,Long,Medium,,,Rustle,,,,,,Autumn,Gardener,,Light
867,Hoe,Chop,,,,Artifact; Tool; Garden tool; Farm tool,,,,,,,Ancient,,,Shed,Wood; Steel,,Handle; Blade,Muscle,,,,Long,Medium,,,,,,,,,,Gardener; Farmer,,Light
868,Pitchfork,Throw; Lift,,,,Artifact; Tool; Farm tool,,,,Pricks,,,,Lifting,,,Wood; Steel,,Handle; Tines,Muscle,,,,Long,Medium,,,,,,,,,,Farmer,,Light
869,Shears,Squeeze; Prune,,,,Artifact; Tool; Cutting tool; Garden tool,,,,Cuts,,,,Cutting,,Garden; Shed,Wood; Steel,,Handle; Hinges; Blades,Muscle,,,,,Small,,,Snip,,,,,,,Gardener,,Light
870,Scissors,Squeeze; Cut,,,,Artifact; Tool; Cutting tool; Stationery,,,,Cuts,,,,Cutting,,Desk; Drawer,Steel; Plastic,,Handle; Hinges; Blades,Muscle,,,,,Small,,,Snip,,,,,,,Tailor; Barber,,Light
871,Lawnmower,Push,,,,Artifact; Garden tool; Machine,,,,Cuts; Flying debris,,,,Mowing,,Shed; Lawn,Steel; Plastic,,Handle; Wheels; Engine; Blades,Gasoline,,,,,Medium,,,Roar,,,,,,Summer,Homeowner,,Medium weight
872,Hose,Aim; Water,,,,Artifact; Tool; Garden tool,,,,Tripping,,,,Washing,,Garden; Driveway,Rubber,,Nozzle,,,,,Coiled; Tubular,Medium,,,Hiss,,,,,Flexible,,Gardener,,Light
873,Sickle,Swing; Reap,,,,Artifact; Tool; Cutting tool; Farm tool,,,,Cuts,,,Ancient,Harvesting,,Field,Wood; Steel,,Handle; Blade,Muscle,,,,Crescent,Small,,,Swish,,,,,,,Farmer,,Light
874,Scythe,Swing; Reap,,,,Artifact; Tool; Cutting tool; Farm tool,,,,Cuts,,,Ancient,Mowing; Harvesting,,Meadow; Field,Wood; Steel,,Handle; Blade,Muscle,,,,Long; Curved,Medium,,,Swish,,,,,,,Farmer,,Light
875,Plow,Tow,,,,Artifact; Tool; Farm tool,,,,,,,Ancient,Farming,,Field; Farm,Steel,,Blade; Frame,Animal-drawn,,Towed,,,Large,,,,,,,,,,Farmer,,Heavy
876,Oak,,,,,Living thing; Plant; Tree; Broadleaf tree,Temperate,Green,Bark,,,,,Timber; Furniture making,Long-lived; Deciduous,Forest,,,Tree trunk; Branches; Leaves; Acorns,,,,,,Huge,,,,,,,,Rough,,,,
877,Beech,,,,,Living thing; Plant; Tree; Broadleaf tree,Temperate,Green,Bark,,,,,Timber; Firewood,Deciduous,Forest,,,Tree trunk; Branches; Leaves,,,,,,Huge,,,,,,,,Smooth,,,,
878,Maple,,,,,Living thing; Plant; Tree; Broadleaf tree,Temperate,Red; Green,Bark,,,,,Timber,Deciduous,Forest,,,Tree trunk; Branches; Leaves; Sap,,,,North America,,Huge,,,,,,,,Rough,Autumn,,,
879,Birch,,,,,Living thing; Plant; Tree; Broadleaf tree,Cold,Green; White,Bark,,,,,Firewood,Deciduous; Fast-growing,Forest,,,Tree trunk; Branches; Leaves; Catkins,,,,,Slender,Huge,,,,,,,,Flaky,,,,
880,Willow,,,,,Living thing; Plant; Tree; Broadleaf tree,Temperate,Green,Bark,,,,,Shade; Medicine,Deciduous; Fast-growing,Riverbank,,,Tree trunk; Branches; Leaves; Catkins,,,,,,Huge,,,,,,,,Rough,,,,
881,Pine,,,,,Living thing; Plant; Tree; Conifer,Cold,Dark green,Bark,,,,,Timber; Paper making,Evergreen; Cone-bearing,Forest,,,Tree trunk; Branches; Needles; Cones,,,,,Conical,Huge,Piney,,,,,,,Rough,,,,
882,Spruce,,,,,Living thing; Plant; Tree; Conifer,Cold,Dark green,Bark,,,,,Timber; Decoration,Evergreen; Cone-bearing,Forest,,,Tree trunk; Branches; Needles; Cones,,,,,Conical,Huge,Piney,,,,,,,Rough,Festive occasions,,,
883,Fir,,,,,Living thing; Plant; Tree; Conifer,Cold,Dark green,Bark,,,,,Timber; Decoration,Evergreen; Cone-bearing,Mountain,,,Tree trunk; Branches; Needles; Cones,,,,,Conical,Huge,Piney,,,,,,,Smooth,Festive occasions,,,
884,Cedar,,,,,Living thing; Plant; Tree; Conifer,Warm,Dark green,Bark,,,,,Timber; Furniture making,Long-lived; Evergreen; Cone-bearing,Mountain,,,Tree trunk; Branches; Needles; Cones,,,,,Conical,Huge,Woody,,,,,,,Rough,,,,
885,Redwood,,,,,Living thing; Plant; Tree; Conifer,Temperate,Dark green; Reddish-brown,Bark,,,Awe,,Timber; Tourism,Long-lived; Evergreen; Cone-bearing,Forest,,,Tree trunk; Branches; Needles; Cones,,,,North America,Tall,Gigantic,,,,,,,,Fibrous,,,,
886,Palm,,,,,Living thing; Plant; Tree,Tropical,Green,,,,Calm,,Shade; Oil production,Evergreen,Beach,,,Tree trunk; Fruit; Fronds,,,,,Tall,Huge,,,,,,,,Ridged,,,,
887,Eucalyptus,,,,,Living thing; Plant; Tree; Broadleaf tree,Warm,Green,Bark,Fire hazard,,,,Paper making; Medicine,Evergreen; Fast-growing,Forest,,,Tree trunk; Branches; Leaves,,,,Australia,Tall,Huge,Minty,,,,,,,Flaky,,,,
888,Bamboo,,,,,Living thing; Plant; Grass,Tropical,Green,,,,,,Furniture making; Building,Evergreen; Fast-growing,Forest,,,Leaves; Stem,,,,Asia,Tall; Hollow,Huge,,,,,,,,Smooth,,,,
889,Rose,,,,,Living thing; Plant; Flower; Shrub; Garden plant,Temperate,Red,,Pricks,,Romance,,Perfume; Gift,Perennial,Garden,,,Leaves; Petals; Stem; Thorns,,,,,,Small,Sweet; Floral,,,,,,,,Summer,,,
890,Tulip,,,,,Living thing; Plant; Flower; Garden plant,Temperate,Red; Yellow,,,,Joy,,Ornament,Perennial; Grows from bulb,Garden,,,Leaves; Petals; Stem; Bulb,,,,Netherlands,Bell-shaped,Small,,,,,,,,Waxy,Spring,,,
891,Daffodil,,,,,Living thing; Plant; Flower; Garden plant,Temperate,Yellow,,Poisonous,,Hope,,Ornament,Perennial; Grows from bulb,Garden,,,Leaves; Petals; Stem; Bulb,,,,,,Small,Sweet,,,,,,,Smooth,Spring,,,
892,Lily,,,,,Living thing; Plant; Flower; Garden plant,Temperate,White,,Poisonous,,Elegance,,Gift,Perennial; Grows from bulb,Garden,,,Petals; Stem; Bulb,,,,,Star-shaped,Small,,,,,,,,Waxy,Summer,,,
893,Orchid,,,,,Living thing; Plant; Flower; Houseplant,Tropical,Purple,,,,Elegance,,Ornament; Gift,Perennial; Slow-growing,Jungle; Windowsill,,,Leaves; Roots; Petals; Stem,,,,,,Small,,,,,,,,Delicate,,,,
894,Sunflower,,,,,Living thing; Plant; Flower; Crop,Sunny,Yellow,,,,Joy,,Oil production; Snacking,Annual; Sun-loving,Field,,,Leaves; Petals; Stem; Seeds,,,,,Tall; Disc-shaped,Large,,,,,,,,Rough,Summer,,,
895,Daisy,,,,,Living thing; Plant; Flower; Wildflower,Temperate,Yellow; White,,,,Joy,,,Perennial; Wild-growing,Meadow; Lawn,,,Leaves; Petals; Stem,,,,,Round,Tiny,,,,,,,,Delicate,Summer,,,
896,Dandelion,,,,,Living thing; Plant; Flower; Wildflower; Weed,Temperate,Yellow,,,,,,Salad,Perennial; Wild-growing; Self-seeding,Lawn; Roadside,,,Leaves; Petals; Stem; Seeds,,,,,Round,Tiny,,,,,,,,Fluffy,Spring,,,
897,Poppy,,,,,Living thing; Plant; Flower; Wildflower,Temperate,Red,,,,Grief,,Medicine; Baking,Annual; Wild-growing; Self-seeding,Field,,,Petals; Stem; Seeds,,,,,Bowl-shaped,Small,,,,,,,,Delicate,Summer,,,
898,Violet,,,,,Living thing; Plant; Flower; Wildflower,Temperate,Purple,,,,,,Perfume; Garnish,Perennial; Shade-loving; Low-growing,Woodland,,,Leaves; Petals; Stem,,,,,,Tiny,Sweet,,,,,,,Delicate,Spring,,,
899,Lavender,,,,,Living thing; Plant; Shrub; Garden plant; Herb,Warm,Purple,,,,Calm,,Perfume; Relaxation,Perennial; Drought-tolerant,Field; Garden,,,Leaves; Flowers; Stem,,,,Mediterranean,,Small,Floral; Herbal,,,,,,,,Summer,,,
900,Lotus,,,,,Living thing; Plant; Flower; Aquatic plant,Warm,Pink,,,,Reverence,,Ornament; Worship,Perennial; Grows in water,Pond,,,Leaves; Petals; Seeds; Rhizome,,,,Asia,Bowl-shaped,Small,Sweet,,,,,,,Waxy,Summer,,,
901,Cactus,,,,,Living thing; Plant; Succulent,Arid,Green,,Pricks,,,,Ornament,Slow-growing; Drought-tolerant; Stores water,Desert; Windowsill,,,Spines; Flowers; Stem,,,,Mexico,Cylindrical,Medium,,,,,,,,Prickly; Ridged,,,,
902,Aloe,,,,,Living thing; Plant; Succulent; Houseplant,Arid,Green,,,,,,Medicine; Soothing,Drought-tolerant; Stores water,Desert; Windowsill,,,Spines; Leaves; Sap,,,,Africa,Pointed,Small,,,,,,,,Smooth,,,,
903,Fern,,,,,Living thing; Plant,Humid,Green,,,,,Prehistoric,Ornament,Perennial; Spore-bearing; Shade-loving,Forest,,,Roots; Fronds,,,,,,Small,,,,,,,,Delicate,,,,
904,Moss,,,,,Living thing; Plant,Humid,Green,,Slipping,,,Prehistoric,,Spore-bearing; Shade-loving; Low-growing,Forest; Rocks,,,,,,,,Flat,Tiny,Earthy; Damp,,,,,,,Soft; Moist; Spongy,,,,
905,Ivy,,,,,Living thing; Plant; Vine,Temperate,Dark green,,Poisonous,,,,Ornament,Evergreen; Climbing,Wall,,,Leaves; Stem; Berries,,,,,,Medium,,,,,,,,Leathery,Festive occasions,,,
906,Holly,,,,,Living thing; Plant; Shrub,Temperate,Red; Dark green,,Poisonous; Pricks,,Festivity,,Decoration,Evergreen,Hedgerow,,,Branches; Leaves; Berries,,,,,,Medium,,,,,,,,Prickly,Festive occasions,,,
907,Mistletoe,,,,,Living thing; Plant; Parasite; Shrub,Temperate,Green; White,,Poisonous,,Romance,,Decoration,Evergreen; Grows on tree,Tree,,,Leaves; Stem; Berries,,,,,Round,Small,,,,,,,,Leathery,Festive occasions,,,
908,Grass,,,,,Living thing; Plant; Grass,Temperate,Green,,Allergenic,,,,Fodder; Grazing,Perennial; Fast-growing; Low-growing,Meadow; Pasture; Lawn,,,Leaves; Roots; Seeds,,,,,Thin,Small,Grassy,,,,,,,Soft,Summer,,,
909,Reed,,,,,Living thing; Plant; Grass; Aquatic plant,Temperate,Green; Tan,,,,,,Fiber; Roofing,Perennial; Grows in water,Riverbank; Marsh,,,Leaves; Stem; Rhizome,,,,,Tall; Hollow,Large,,,,,,,,Fibrous,,,,
910,Clover,,,,,Living thing; Plant; Wildflower,Temperate,Green; White,,,,Luck,,Fodder; Fertilizer,Perennial; Low-growing,Pasture; Lawn,,,Leaves; Flowers,,,,,,Tiny,Sweet,,,,,,,Soft,Summer,,,
911,Nettle,,,,,Living thing; Plant; Weed,Temperate,Green,,Stings; Itching,,,,Fiber; Soup; Tea,Perennial; Wild-growing; Spreads by runners,Hedgerow; Roadside,,,Leaves; Stem,,,,,Jagged,Medium,,,,,,,,,Spring,,,
912,Thistle,,,,,Living thing; Plant; Wildflower; Weed,Temperate,Green; Purple,,Pricks,,,,,Biennial; Wild-growing; Self-seeding,Pasture; Roadside,,,Spines; Leaves; Flowers; Stem,,,,Scotland,,Medium,,,,,,,,Prickly,Summer,,,
913,Seaweed,,,,,Living thing; Plant; Aquatic plant,,Green; Brown,,Slipping,,,,Thickening; Fertilizer,Fast-growing; Grows in water,Sea; Beach; Rocky shore,,,Stem; Fronds,,,,Japan,Flat; Long,Medium,Briny,,,,,,,Rubbery,,,,
914,Vine,,,,,Living thing; Plant; Vine; Crop,Warm,Green,Bark,,,,,Shade; Wine making,Deciduous; Climbing,Hillside,,,Leaves; Fruit,,,,Mediterranean,Winding,Medium,,,,,,,,Rough,Autumn,,,
915,Carrot,,,,,Food; Produce; Vegetable; Root vegetable,,Orange,Thin skin,,,,,Salad; Soup,Grows underground,,,,Taproot,,Eaten raw; Boiled,,,Conical,Small,,,,,,Sweet; Earthy,,Crunchy,,,,
916,Parsnip,,,,,Food; Produce; Vegetable; Root vegetable,,Cream,Thin skin,,,,,Soup,Grows underground,,,,Taproot,,Boiled; Roasted,,,Conical,Small,,,,,,Sweet; Earthy,,Firm,Winter,,,
917,Radish,,,,,Food; Produce; Vegetable; Root vegetable,,Red,Thin skin,,,,,Salad; Garnish,Fast-growing; Grows underground,,,,Taproot,,Eaten raw; Sliced,,,Round,Tiny,,,,,,Peppery,,Crunchy,Spring,,,
918,Turnip,,,,,Food; Produce; Vegetable; Root vegetable,,Purple; White,Thin skin,,,,,Fodder; Soup,Grows underground,,,,Taproot,,Boiled; Mashed,,,Round,Small,,,,,,Bitter; Earthy,,Firm,Winter,,,
919,Beet,,,,,Food; Produce; Vegetable; Root vegetable,,Dark red,Thin skin,,,,,Salad; Soup,Grows underground,,,,Taproot,,Boiled; Pickled,,,Round,Small,,,,,,Sweet; Earthy,,Firm,,,,
920,Potato,,,,,Food; Produce; Vegetable; Tuber; Staple food,,Brown,Thin skin,,,,,Side dish,Grows underground,,,,Tuber,,Fried; Boiled; Mashed,,,Oval,Small,,,,,,Mild; Starchy,,Firm,,,,
921,Yam,,,,,Food; Produce; Vegetable; Tuber; Staple food,Warm,Orange,Thin skin,,,,,Side dish,Grows underground,,,,Tuber,,Baked; Mashed,,,Oval,Small,,,,,,Sweet; Starchy,,Firm,Autumn,,,
922,Onion,,,,,Food; Produce; Vegetable; Allium,,White; Brown,Peel,Irritant,,,,Flavoring; Soup,Grows underground,,,,Bulb; Layers,,Fried; Chopped,,,Round,Small,Oniony,,,,,Pungent,,Crunchy,,,,
923,Garlic,,,,,Food; Produce; Vegetable; Allium,,White,Peel,,,,,Flavoring; Seasoning,Grows underground,,,,Bulb; Cloves,,Chopped; Crushed,,,Round,Small,,,,,,Pungent,,Firm,,,,
924,Leek,,,,,Food; Produce; Vegetable; Allium,,Green; White,,,,,,Soup,,,,,Leaves; Stem; Layers,,Boiled; Sauteed,,,Long,Small,Oniony,,,,,Mild,,Firm,Winter,,,
925,Lettuce,,,,,Food; Produce; Vegetable; Leafy green,,Green,,,,,,Salad; Sandwich filling,Grows in head,,,,Leaves; Head,,Eaten raw; Shredded,,,Round,Small,,,,,,Mild,,Crisp,,,,
926,Spinach,,,,,Food; Produce; Vegetable; Leafy green,,Dark green,,,,,,Salad; Side dish,,,,,Leaves,,Eaten raw; Steamed,,,,Small,,,,,,Mild; Earthy,,Tender,Spring,,,
927,Kale,,,,,Food; Produce; Vegetable; Leafy green; Cabbage family,,Dark green,,,,,,Soup; Side dish,,,,,Leaves,,Steamed; Sauteed,,,,Small,,,,,,Bitter; Earthy,,Tough,Winter,,,
928,Cabbage,,,,,Food; Produce; Vegetable; Leafy green; Cabbage family,,Green,,,,,,Salad; Soup,Grows in head,,,,Leaves; Head,,Boiled; Fermented; Shredded,,,Round,Small,Sulfurous,,,,,Mild; Peppery,,Crunchy,Winter,,,
929,Broccoli,,,,,Food; Produce; Vegetable; Cabbage family,,Green,,,,,,Side dish,Grows in head,,,,Stem; Florets,,Boiled; Steamed,,,Branching,Small,,,,,,Bitter; Mild,,Firm,,,,
930,Cauliflower,,,,,Food; Produce; Vegetable; Cabbage family,,White,,,,,,Side dish,Grows in head,,,,Stem; Florets,,Boiled; Roasted; Steamed,,,Round,Small,,,,,,Mild,,Firm,,,,
931,Celery,,,,,Food; Produce; Vegetable,,,,,,,,Salad; Flavoring; Soup,,,,,Leaves; Stalks,,Eaten raw; Chopped,,,Long,Small,,,,,,Salty; Mild,,Crunchy,,,,
932,Asparagus,,,,,Food; Produce; Vegetable,,Green,,,,,,Side dish,Perennial,,,,,,Grilled; Steamed,,,Long; Thin,Small,,,,,,Bitter; Earthy,,Tender,Spring,,Expensive,
933,Tomato,,,,,Food; Produce; Fruit; Vegetable,Warm,Red,Thin skin,,,,,Salad; Sauce; Soup,Grows on vine,,,,Seeds,,Eaten raw; Sliced; Canned,,,Round,Small,,,,,,Sweet; Tangy,,Juicy,Summer,,,
934,Pepper,,,,,Food; Produce; Vegetable,Warm,Red; Green,Thin skin,,,,,Salad,Grows on low plant,,,,Stem; Seeds,,Eaten raw; Roasted; Stuffed,,,Bell-shaped; Hollow,Small,,,,,,Sweet; Mild,,Crunchy,Summer,,,
935,Chili,,,,,Food; Produce; Spice; Vegetable,Tropical,Red,Thin skin,Irritant,,,,Sauce; Seasoning,Grows on low plant,,,,Stem; Seeds,,Dried; Chopped; Ground,,,Long; Pointed,Tiny,Pungent,,,,,Spicy,,Firm,,,,
936,Eggplant,,,,,Food; Produce; Vegetable,Warm,Purple,Thin skin,,,,,,Grows on low plant,,,,Stem; Seeds,,Fried; Roasted; Grilled,,,Oval,Small,,,,,,Bitter; Mild,,Spongy,Summer,,,
937,Cucumber,,,,,Food; Produce; Vegetable; Gourd,Warm,Green,Thin skin,,,,,Salad,Grows on vine,,,,Seeds,,Eaten raw; Pickled; Sliced,,,Cylindrical; Long,Small,Fresh,,,,,Mild; Refreshing,,Crunchy,Summer,,,
938,Zucchini,,,,,Food; Produce; Vegetable; Gourd,Warm,Green,Thin skin,,,,,Side dish,Grows on low plant,,,,Seeds,,Fried; Grilled; Sliced,,,Cylindrical; Long,Small,,,,,,Mild,,Firm,Summer,,,
939,Pumpkin,,,,,Food; Produce; Vegetable; Gourd,Temperate,Orange,Rind,,,,,Pie filling; Soup; Decoration,Grows on vine,,,,Stem; Seeds,,Roasted; Mashed; Carved,,,Round,Medium,,,,,,Sweet; Earthy,,Firm,Autumn; Festive occasions,,,
940,Squash,,,,,Food; Produce; Vegetable; Gourd,Temperate,Orange; Beige,Rind,,,,,Soup; Side dish,Grows on vine,,,,Seeds,,Roasted; Mashed,,,Pear-shaped,Small,,,,,,Sweet; Nutty,,Firm,Autumn,,,
941,Pea,,,,,Food; Produce; Vegetable; Legume,,Green,Pod,,,,,Soup; Side dish,Grows on vine; Grows in pod,,,,,,Boiled; Frozen; Shelled,,,Round,Tiny,,,,,,Sweet,,Tender,Spring,,,
942,Bean,,,,,Food; Produce; Vegetable; Legume,Warm,Brown,Pod,,,,,Soup; Side dish,Grows on vine; Grows in pod,,,,,,Boiled; Dried; Canned,,,Kidney-shaped,Tiny,,,,,,Mild; Earthy,,Firm,,,,
943,Lentil,,,,,Food; Produce; Vegetable; Legume,,Brown,Pod,,,,,Soup,Grows on low plant; Grows in pod,,,,,,Boiled; Dried,,,Disc-shaped,Tiny,,,,,,Mild; Earthy,,Firm,,,,
944,Chickpea,,,,,Food; Produce; Vegetable; Legume,Warm,Beige,Pod,,,,,Salad; Dipping,Grows on low plant; Grows in pod,,,,,,Boiled; Dried; Mashed,,,Round,Tiny,,,,,,Mild; Nutty,,Firm,,,,
945,Soybean,,,,,Food; Produce; Crop; Vegetable; Legume,Warm,Pale yellow,Pod,Allergenic,,,,Fodder; Oil production; Sauce,Grows on low plant; Grows in pod,,,,,,Boiled; Fermented; Pressed,,,Oval,Tiny,,,,,,Mild,,Firm,,,,
946,Corn,,,,,Food; Produce; Crop; Vegetable; Grain; Staple food,Warm,Yellow,Husk,,,,,Fodder; Side dish,Grows on stalk,,,,Kernels,,Boiled; Grilled; Popped,,,Cylindrical,Small,,,,,,Sweet; Starchy,,Juicy,Summer,,,
947,Wheat,,,,,Food; Produce; Crop; Grain; Staple food,Temperate,Gold,Husk,Allergenic,,,,Bread making; Baking,Annual; Grows on stalk,,,,Stalk; Ear; Grains,,Made into flour; Milled; Threshed,,,Oval,Tiny,,,,,,Mild; Starchy,,Hard,Summer,,,
948,Rye,,,,,Food; Produce; Crop; Grain,Cold,Gray,Husk,Allergenic,,,,Fodder; Bread making,Annual; Grows on stalk,,,,Stalk; Ear; Grains,,Made into flour; Milled; Threshed,,,Oval,Tiny,,,,,,Earthy,,Hard,Summer,,,
949,Barley,,,,,Food; Produce; Crop; Grain,Temperate,Gold,Husk,Allergenic,,,,Fodder; Soup; Brewing,Annual; Grows on stalk,,,,Beard; Stalk; Ear; Grains,,Threshed,,,Oval,Tiny,,,,,,Mild; Nutty,,Hard,Summer,,,
950,Oat,,,,,Food; Produce; Crop; Grain,Temperate,Beige,Husk,,,,,Fodder; Baking,Annual; Grows on stalk,,,,Stalk; Grains,,Boiled; Rolled; Threshed,,,Oval,Tiny,,,,,,Mild; Bland,,Hard,Summer; Breakfast,,,
951,Rice,,,,,Food; Produce; Crop; Grain; Staple food,Tropical,White,Husk,,,,,Side dish,Annual; Grows on stalk; Grows in water,,,,Stalk; Grains,,Boiled; Steamed; Threshed,,,Oval,Tiny,,,,,,Mild; Starchy,,Hard,Autumn,,,
952,Basil,,,,,Food; Produce; Herb,Warm,Green,,,,,,Garnish; Sauce; Seasoning,Annual; Sun-loving,,,,Leaves,,Eaten raw; Chopped,,,,Tiny,Herbal,,,,,Peppery; Herbal,,Tender,Summer,,,
953,Parsley,,,,,Food; Produce; Herb,Temperate,Green,,,,,,Salad; Garnish; Seasoning,Biennial,,,,Leaves; Stalks,,Eaten raw; Chopped,,,,Tiny,Fresh,,,,,Mild; Herbal,,Tender,,,,
954,Mint,,,,,Food; Produce; Herb,Temperate,Green,,,,,,Garnish; Flavoring; Tea,Perennial; Spreads by runners,,,,Leaves,,Eaten raw; Chopped; Steeped,,,,Tiny,Minty,,,,,Refreshing; Minty,,Tender,Summer,,,
955,Rosemary,,,,,Food; Produce; Herb,Warm,Green,,,,,,Seasoning,Evergreen; Perennial; Drought-tolerant,,,,Needles; Stem,,Dried; Chopped,,,,Tiny,Piney,,,,,Pungent; Herbal,,Tough,,,,
956,Thyme,,,,,Food; Produce; Herb,Warm,Green,,,,,,Soup; Seasoning,Evergreen; Perennial; Drought-tolerant; Low-growing,,,,Leaves; Stem,,Dried; Chopped,,,,Tiny,Herbal,,,,,Earthy; Herbal,,,,,,
957,Cinnamon,,,,,Food; Produce; Spice,Tropical,Brown,,,,,,Flavoring; Baking,Evergreen; Grows on tree,,,,,,Dried; Ground; Rolled,,,Rolled,Small,Sweet,,,,,Sweet; Spicy,,Dry; Brittle,Winter; Festive occasions,,,
958,Vanilla,,,,,Food; Produce; Spice,Tropical,Brown,Pod,,,,,Perfume; Flavoring; Baking,Grows on vine; Grows in pod,,,,Seeds,,Cured; Dried; Extracted,,,Long; Thin,Small,Sweet; Vanilla,,,,,Sweet; Rich,,Leathery,,,Expensive,
959,Saffron,,,,,Food; Produce; Spice,Arid,Red,,,,,,Flavoring; Coloring,Grows from bulb,,,,,,Dried; Steeped; Harvested,,,Thin,Tiny,Floral,,,,,Bitter; Floral,,Dry; Delicate,Autumn,,Luxury,
960,Ginger,,,,,Food; Produce; Spice,Tropical,Pale yellow; Beige,Thin skin,,,,,Medicine; Seasoning; Tea,Grows underground,,,,Rhizome,,Sliced; Ground; Grated,,,Branching; Irregular,Small,Fresh; Spicy,,,,,Spicy,,Fibrous,,,,
961,Mushroom,,,,,Fungus; Food; Produce; Vegetable,Humid,White; Brown,,Poisonous,,,,Sauce; Soup; Topping,Spore-bearing; Fast-growing; Shade-loving,,,,Gills; Stem; Cap,,Fried; Sliced; Sauteed,,,Umbrella-shaped,Tiny,Earthy,,,,,Savory; Earthy,,Smooth; Spongy,Autumn,,,
962,Car,Drive,,,,Artifact; Vehicle; Land vehicle; Motor vehicle,,,,Crashes,,,Industrial,Personal transport,,Road,Steel,Rolls,Wheels; Engine; Steering wheel,Gasoline,,,,,Large,,Family,Honk,Fast,,,,,,Driver,Expensive,Very heavy
963,Van,Drive,,,,Artifact; Vehicle; Land vehicle; Motor vehicle,,,,Crashes,,,Modern,Delivery,,Road,Steel,Rolls,Wheels; Engine; Steering wheel,Diesel,,,,Box-shaped,Large,,,Honk,Fast,,,,,,Driver,Expensive,Very heavy
964,Truck,Drive,,,,Artifact; Vehicle; Land vehicle; Motor vehicle,,,,Crashes,,,Modern,Cargo transport,,Road; Highway,Steel,Rolls,Wheels; Engine; Steering wheel,Diesel,,,,Box-shaped,Huge,,,Honk,Fast,,,,,,Driver,Expensive,Very heavy
965,Bus,Drive; Board,,,,Artifact; Vehicle; Land vehicle; Motor vehicle; Public transport,,,,Crashes,,,Modern,Mass transit,,Road,Steel,Rolls,Wheels; Engine; Steering wheel,Diesel,,,,Box-shaped,Huge,,Public,Honk,Moderate,,,,,,Driver,,Very heavy
966,Taxi,Ride; Pay,,,,Artifact; Vehicle; Land vehicle; Motor vehicle; Public transport,,,,Crashes,,,Industrial,Passenger transport,,Road; City,Steel,Rolls,Wheels; Engine; Steering wheel,Gasoline,,,,,Large,,Public,Honk,Fast,,,,,,Driver,,Very heavy
967,Ambulance,Drive,,,,Artifact; Vehicle; Land vehicle; Motor vehicle; Emergency vehicle,,,,Crashes,,,Modern,Emergency response,,Hospital; Road,Steel,Rolls,Wheels; Engine; Siren,Diesel,,,,Box-shaped,Large,,,Siren,Fast,,,,,,,,Very heavy
968,Firetruck,Drive,,,,Artifact; Vehicle; Land vehicle; Motor vehicle; Emergency vehicle,,,,Crashes,,,Modern,Emergency response; Firefighting,,Road; Fire station,Steel,Rolls,Wheels; Engine; Siren,Diesel,,,,Box-shaped,Huge,,,Siren,Fast,,,,,,,,Very heavy
969,Tractor,Drive; Tow,,,,Artifact; Vehicle; Land vehicle; Motor vehicle,,,,,,,Modern,Farming,,Field; Farm,Steel,Rolls,Wheels; Engine; Steering wheel,Diesel,,,,,Large,,,,Slow,,,,,,Farmer,,Very heavy
970,Bulldozer,Drive; Push,,,,Artifact; Vehicle; Land vehicle; Motor vehicle; Heavy machinery,,,,Crushes,,,Modern,Construction,,Construction site,Steel,Crawls,Blade; Engine; Tracks,Diesel,,Tracked,,,Huge,,,Rumble,Slow,,,,,,Builder,,Very heavy
971,Excavator,Drive; Dig,,,,Artifact; Vehicle; Land vehicle; Motor vehicle; Heavy machinery,,,,Crushes,,,Modern,Digging; Construction,,Construction site; Quarry,Steel,Crawls,Engine; Tracks; Hydraulic arm,Diesel,,Tracked,,,Huge,,,Rumble,Slow,,,,,,Builder,,Very heavy
972,Forklift,Drive; Lift,,,,Artifact; Vehicle; Land vehicle; Motor vehicle,,,,Crushes,,,Modern,Lifting; Carrying,,Factory; Warehouse,Steel,Rolls,Wheels; Mast,Battery,,,,Compact,Large,,,Beep,Slow,,,,,,Worker,,Very heavy
973,Tank,Drive; Shoot,,,,Artifact; Vehicle; Land vehicle; Motor vehicle; Military vehicle,,,,Deadly,,,Modern,Warfare; Combat,,Battlefield,Steel,Crawls,Engine; Tracks; Turret,Diesel,,Tracked; Armored,,Bulky,Huge,,Team,Rumble,Moderate,,,,,,Soldier,,Very heavy
974,Motorcycle,Ride,,,,Artifact; Vehicle; Land vehicle; Motor vehicle,,,,Crashes,,,Modern,Personal transport; Recreation,,Road; Highway,Steel,Rolls,Wheels; Engine; Handlebars,Gasoline,,Open,,,Medium,,Solo,Roar,Very fast,,,,,,Rider,,Heavy
975,Scooter,Ride,,,,Artifact; Vehicle; Land vehicle; Motor vehicle,,,,Crashes,,,Modern,Personal transport; Commuting,,Street; City,Steel; Plastic,Rolls,Wheels; Engine; Handlebars,Gasoline,,Open,,,Medium,,Solo,Buzz,Moderate,,,,,,Commuter,Affordable,Heavy
976,Bicycle,Ride; Pedal,,,,Artifact; Vehicle; Land vehicle; Cycle; Human-powered vehicle,,,,Falls,,,Industrial,Personal transport; Exercise,,Road; Park,Steel; Rubber,Rolls,Wheels; Handlebars; Pedals,Pedals,,Open,,,Medium,,Solo,Ring,Moderate,,,,,,Cyclist,Affordable,Medium weight
977,Tricycle,Ride; Pedal,,,,Artifact; Vehicle; Land vehicle; Cycle; Human-powered vehicle; Toy,,,,,,,,Play,,Park; Sidewalk,Steel; Plastic,Rolls,Wheels; Handlebars; Pedals,Pedals,,Open; Balanced,,,Small,,Solo,Ring,Slow,,,,,,Child,Affordable,Light
978,Wheelchair,Sit on; Push,,,,Artifact; Vehicle; Land vehicle; Human-powered vehicle,,,,,,,Modern,Mobility aid,,Hospital; Sidewalk,Steel,Rolls,Wheels; Seat; Armrests,Muscle,,Foldable,,,Medium,,Personal,Squeak,Slow,,,,,,Patient,,Medium weight
979,Stroller,Push,,,,Artifact; Vehicle; Land vehicle,,,,,,,,,,Park; Sidewalk,Aluminum; Fabric,Rolls,Handle; Wheels; Seat,Muscle,,Foldable,,,Medium,,,Squeak,Slow,,,,,,Baby,Affordable,Medium weight
980,Cart,Pull; Load,,,,Artifact; Vehicle; Land vehicle; Animal-drawn vehicle,,,,,,,Ancient,Hauling; Farming,,Farm; Market,Wood,Rolls,Wheels; Cargo bed,Animal-drawn,,Open,,,Large,,,Creak,Slow,,,,,,Farmer,Cheap,Heavy
981,Wagon,Ride; Load,,,,Artifact; Vehicle; Land vehicle; Animal-drawn vehicle,,,,,,,Traditional,Hauling; Travel,,Trail; Prairie,Wood; Canvas,Rolls,Wheels; Seat; Cargo bed,Animal-drawn,,,,,Large,,Family,Creak,Slow,,,,,,Farmer,,Heavy
982,Carriage,Ride; Board,,,,Artifact; Vehicle; Land vehicle; Animal-drawn vehicle,,,,,,,Traditional,Passenger transport; Tourism,,Street; Palace,Wood; Leather,Rolls,Wheels; Seats; Doors,Animal-drawn,,Enclosed,,,Large,,,Clatter,Moderate,,,,,,Passenger,Expensive,Heavy
983,Sled,Pull; Sled,,,,Artifact; Vehicle; Toy,,,,Crashes,,,,Snow travel; Play,,Hillside; Snowfield,Wood; Plastic,Slides,Runners; Rope,Gravity,,Unpowered,,Flat,Small,,,Swish,Fast,,,,,,Child,Cheap,Light
984,Sleigh,Ride,,,,Artifact; Vehicle; Animal-drawn vehicle,,,,,,,Traditional,Passenger transport; Snow travel,,Countryside; Snowfield,Wood,Glides; Slides,Seats; Bell; Runners,Animal-drawn,,Open,,Curved,Large,,,Jingle,Moderate,,,,,,Passenger,,Heavy
985,Caravan,Camp; Tow,,,,Artifact; Vehicle; Land vehicle; Dwelling,,,,,,,Modern,Camping; Lodging,,Road; Campsite,Aluminum,Rolls,Wheels; Windows,,,Towed,,Box-shaped,Large,,Family,,Moderate,,,,,,Camper,,Very heavy
986,Train,Ride; Board,,,,Artifact; Vehicle; Land vehicle; Rail vehicle; Public transport,,,,Collision,,,Industrial,Cargo transport; Mass transit,,Railway,Steel,Rolls,Wheels; Engine; Carriages,Electricity; Diesel,,Enclosed,,Long,Gigantic,,Public,Whistle,Fast,,,,,,Passenger,,Very heavy
987,Tram,Ride; Board,,,,Artifact; Vehicle; Land vehicle; Rail vehicle; Public transport,,,,Collision,,,Industrial,Mass transit,,Street; City,Steel,Rolls,Wheels; Motor; Seats,Electricity,,Enclosed,,Long,Huge,,Public,Ding,Moderate,,,,,,Passenger,,Very heavy
988,Subway,Ride; Board,,,,Artifact; Vehicle; Land vehicle; Rail vehicle; Public transport,,,,,,,Industrial,Mass transit; Commuting,,Underground,Steel,Rolls,Wheels; Motor; Carriages,Electricity,,Enclosed,,Long,Huge,,Public; Crowded,Rumble,Fast,,,,,,Passenger,,Very heavy
989,Airplane,Fly; Board,,,,Artifact; Vehicle; Aircraft,,,,Crashes,,,Modern,Passenger transport; Air travel,,Sky; Airport,Aluminum,Flies,Wings; Jet engines; Cockpit,Jet fuel,,Pressurized,,Streamlined,Gigantic,,Public,Roar,Very fast,,,,,,Pilot,Expensive,Very heavy
990,Jet,Fly; Pilot,,,,Artifact; Vehicle; Aircraft; Military vehicle,,,,Crashes,,,Modern,Warfare; Defense,,Sky,Aluminum,Flies,Wings; Jet engines; Cockpit,Jet fuel,,Armed,,Streamlined,Huge,,,Roar,Very fast,,,,,,Pilot,Expensive,Very heavy
991,Helicopter,Fly; Pilot,,,,Artifact; Vehicle; Aircraft,,,,Crashes,,,Modern,Rescue; Air travel,,Sky; Rooftops,Aluminum,Flies; Hovers,Cockpit; Rotor blades,Jet fuel,,,,,Large,,,Chop,Fast,,,,,,Pilot,Expensive,Very heavy
992,Glider,Fly; Tow,,,,Artifact; Vehicle; Aircraft,,,,Crashes,,,Industrial,Sports; Recreation,,Sky,Fiberglass,Glides; Soars,Cockpit; Long wings,Wind; Gravity,,Lightweight; Unpowered,,Streamlined,Large,,Solo,Whoosh,Moderate,,,,,,Pilot,,Heavy
993,Drone,Fly; Charge,,,,Artifact; Aircraft; Electronic device,,,,Crashes,,,Digital,Recreation; Photography,,Sky; Park,Plastic,Flies; Hovers,Motor; Propeller; Battery,Battery,,Rechargeable; Remote-controlled,,,Small,,,Buzz,Fast,,,,,,Photographer,Affordable,Light
994,Rocket,Launch,,,,Artifact; Vehicle; Spacecraft,,,,Explosive,,,Modern,Exploration; Space travel,,Space,Steel; Aluminum,Flies,,Rocket fuel,,Pressurized,,Tall,Gigantic,,,Roar,Very fast,,,,,,,Expensive,Very heavy
995,Boat,Steer,,,,Artifact; Vehicle; Watercraft,,,,Drowning,,,Ancient,Recreation; Fishing,,River; Lake,Wood,Floats; Rocks,Seat; Hull,Muscle,,Open,,,Large,,,Splash,Slow,,,,,,Fisherman,Affordable,Heavy
996,Canoe,Paddle,,,,Artifact; Vehicle; Watercraft; Human-powered vehicle,,,,Drowning,,,Ancient,Recreation,,River; Lake,Wood,Floats,Seat; Hull; Paddle,Muscle,,Open,,Long,Large,,,Splash,Slow,,,,,,Camper,,Medium weight
997,Kayak,Paddle,,,,Artifact; Vehicle; Watercraft; Human-powered vehicle,,,,Drowning,,,Ancient,Recreation,,River,Plastic,Floats,Cockpit; Hull; Paddle,Muscle,,Enclosed,,Long,Medium,,,Splash,Moderate,,,,,,,,Medium weight
998,Raft,Paddle,,,,Artifact; Vehicle; Watercraft,,,,Drowning,,,Prehistoric,Recreation; Crossing,,River,Rope; Logs,Floats; Drifts,Pole,Muscle,,Open; Unpowered,,Flat,Large,,,Splash,Slow,,,,,,,,Heavy
999,Sailboat,Steer; Sail,,,,Artifact; Vehicle; Watercraft,,,,Drowning,,,Ancient,Racing; Sailing,,Sea; Harbor,Canvas; Fiberglass,Tilts,Hull; Sail; Mast,Wind,,,,,Large,,,Creak,Moderate,,,,,,Sailor,Expensive,Heavy
1000,Yacht,Sail; Dock,,,,Artifact; Vehicle; Watercraft,,,,Sinking,,,Modern,Travel; Recreation,,Coast; Harbor,Fiberglass,Floats,Hull; Deck,Diesel,,Seaworthy,,Streamlined,Huge,,Private,Hum,Moderate,,,,,,,Luxury,Very heavy
1001,Ship,Sail; Dock,,,,Artifact; Vehicle; Watercraft,,,,Sinking,,,Ancient,Shipping; Sea travel,,Ocean; Harbor,Steel,Floats,Hull; Deck,Diesel,,Seaworthy,,Long,Gigantic,,Team,Blare,Slow,,,,,,Sailor,,Very heavy
1002,Ferry,Ride; Board,,,,Artifact; Vehicle; Watercraft; Public transport,,,,Sinking,,,Modern,Passenger transport; Crossing,,Harbor,Steel,Floats,Hull; Deck; Ramp,Diesel,,Seaworthy,,Wide,Huge,,Public,Blare,Slow,,,,,,Passenger,,Very heavy
1003,Submarine,Navigate; Dive,,,,Artifact; Vehicle; Watercraft; Military vehicle,,,,Suffocation,,,Modern,Warfare; Exploration,,Ocean; Deep sea,Steel,Dives; Submerges,Propeller; Hull; Periscope,Diesel; Nuclear,,Enclosed; Pressurized,,Cylindrical,Gigantic,,Team,Echo,Moderate,,,,,,Sailor,Expensive,Very heavy
1004,Rain,Take cover,Transparent,Soaks,,Phenomenon; Weather; Precipitation,Rainy; Cloudy,,,Slipping; Flooding,,Calm; Gloom,,Irrigation; Drinking water,,Sky,Water droplets,Falls,,,,,,,Tiny,,,Drip; Patter,,Liquid,,Cool,Wet,,,,
1005,Drizzle,Take cover,Transparent,Soaks,,Phenomenon; Weather; Precipitation,Rainy; Cloudy,,,Slipping,,Gloom,,,,Sky,Water droplets,Falls,,,,,,,Tiny,,,Quiet,Slow,Liquid,,Cool,Wet,,,,
1006,Snow,Sled; Shovel,,Melts; Covers ground,,Phenomenon; Weather; Precipitation,Cold; Snowy,White,,Slipping; Avalanche risk,,Joy; Calm,,Play; Skiing,,Sky,Ice crystals,Falls,,,,,,,Tiny,,,Quiet; Crunch,Slow,Solid,,Freezing,Soft; Fluffy,Winter,,,
1007,Hail,Take cover,,Melts; Strikes,,Phenomenon; Weather; Precipitation,Stormy,White,,Damages crops; Impact injury,,Fear,,,,Sky,Ice,Falls,,,,,,Round,Tiny,,,Clatter,Fast,Solid,,Freezing,Hard,,,,
1008,Frost,,Sparkling,Melts; Forms at night; Withers crops,,Phenomenon; Weather,Cold; Clear,White,,Damages crops; Slipping,,,,,,Grass,Ice crystals,,,,,,,,,,,,,Solid,,Freezing,Brittle,Morning; Winter,,,
1009,Dew,,Transparent; Sparkling,Forms at night; Evaporates,,Phenomenon; Weather,Clear,,,,,Calm,,,,Grass,Water droplets,,,,,,,,Tiny,,,,,Liquid,,Cool,Wet,Dawn; Morning,,,
1010,Fog,,Opaque,Reduces visibility,,Phenomenon; Weather,Humid,White; Gray,,Getting lost; Collision,,Gloom; Mystery,,,,Valley,Water droplets,Drifts,,,,,,,,,,Quiet,,,,Cool,Wet,Morning; Autumn,,,
1011,Mist,,Translucent,Reduces visibility,,Phenomenon; Weather,Humid,White,,,,Calm; Mystery,,,,Valley,Water droplets,Drifts,,,,,,,,,,Quiet,,,,Cool,Wet,Dawn; Morning,,,
1012,Cloud,Gaze,,Blocks sun; Darkens sky,,Phenomenon; Weather,Cloudy,White; Gray,,,,Calm,,,,Sky,Ice crystals; Water droplets,Floats; Drifts,,,,,,Irregular,Gigantic,,,,Slow,,,,Fluffy,,,,
1013,Wind,,Transparent,Dries; Chills,,Phenomenon; Weather; Wind,Windy,,,,,Freedom,,Wind power; Sailing; Flying kites,,Sky,Air,Blows,,,,,,,,,,Howl; Rustle,Fast,,,Cool,,,,,
1014,Breeze,,Transparent,,,Phenomenon; Weather; Wind,Windy; Mild,,,,,Calm; Freedom,,Sailing; Flying kites,,Sky,Air,Blows,,,,,,,,,,Rustle,Slow,,,Cool,Soft,,,,
1015,Storm,Take cover,Dark,Uproots trees; Darkens sky,,Phenomenon; Weather; Storm,Stormy,Gray,,Flooding; Destructive,,Fear,,,,Sky,Air; Water droplets,Blows,,,,,,,Gigantic,,,Howl; Rumble,Fast,,,,,,,,
1016,Thunderstorm,Take cover,Dark,Flashes; Darkens sky; Rumbles,,Phenomenon; Weather; Storm,Stormy,Gray,,Flooding; Destructive; Lightning strike,,Fear; Awe,,,,Sky,Water droplets; Electricity,,,,,,,,Gigantic,,,Rumble; Thunderclap,,,,,,Summer,,,
1017,Tornado,Take cover; Evacuate,,Uproots trees; Destroys buildings,,Phenomenon; Weather; Storm; Natural disaster,Stormy,Gray,,Deadly; Destructive; Flying debris,,Fear,,,,Sky,Air,Spins; Swirls,,,,,North America,Conical; Tall,Huge,,,Roar,Very fast,,,,,,,,
1018,Hurricane,Take cover; Evacuate,,Uproots trees; Destroys buildings,,Phenomenon; Weather; Storm; Natural disaster,Tropical; Stormy,Gray,,Deadly; Flooding; Destructive,,Fear,,,,Ocean; Sky,Air; Water droplets,Spins; Swirls,,,,,,Round,Vast,,,Howl; Roar,Very fast,,,,,,,,
1019,Blizzard,Take cover; Shovel,,Reduces visibility; Buries; Chills,,Phenomenon; Weather; Storm,Snowy; Stormy,White,,Frostbite; Getting lost; Hypothermia,,Fear,,,,Sky,Air; Ice crystals,Blows,,,,,,,Gigantic,,,Howl,Fast,,,Freezing,,Winter,,,
1020,Thunder,,,Rumbles,,Phenomenon; Weather,Stormy,,,,,Fear; Awe,,,,Sky,,Shakes,,,,,,,,,,Boom; Rumble; Thunderclap,,,,,,Summer,,,
1021,Lightning,Take cover,Bright; Flickering,Flashes; Strikes,,Phenomenon; Weather; Light phenomenon,Stormy,White,,Deadly; Fire hazard; Lightning strike,,Fear; Awe,,,,Sky,Electricity,,,,,,,Forked; Jagged,,,,Crackle; Thunderclap,Very fast,Plasma,,Hot,,Summer; Brief,,,
1022,Rainbow,Admire; Photograph,Colorful,,,Phenomenon; Weather; Light phenomenon,Sunny; Rainy,Multicolored,,,,Awe; Hope; Wonder,,,,Sky,Water droplets; Light,,,,,,,Arched,Gigantic,,,,,,,,,Brief,,,
1023,Aurora,Photograph; Gaze,Glowing; Colorful,Glows; Colors sky,,Phenomenon; Light phenomenon,Polar; Clear,Green; Purple,,,,Awe; Wonder,,,,Sky; Upper atmosphere,Light,Dances,,,,,Arctic,,Vast,,,,,,,,,Night; Winter,,,
1024,Sunrise,Watch; Photograph,Glowing; Colorful,Rises; Colors sky,,Phenomenon; Light phenomenon; Time of day,,Orange; Pink,,,,Awe; Hope,,,,Sky; Horizon,,,,,,,,,,,,Birdsong,,,,Cool,,Dawn; Morning; Daily,,,
1025,Sunset,Watch; Photograph,Glowing; Colorful,Colors sky; Sets,,Phenomenon; Light phenomenon; Time of day,,Red; Orange,,,,Awe; Calm; Romance,,,,Sky; Horizon,,,,,,,,,,,,,,,,,,Evening; Daily,,,
1026,Eclipse,Watch; Observe,Dark,Blocks sun; Darkens sky,,Phenomenon; Light phenomenon,,,,Blinding,,Awe; Wonder,,,,Sky,,,,,,,,Round; Ring-shaped,,,,,,,,,,Day; Brief,,,
1027,Sun,Sunbathe,Glowing; Bright,Shines; Rises; Sets; Nuclear fusion,,Natural feature; Celestial body,,Yellow,,Sunburn; Blinding; Heatstroke,,Awe; Joy,,Light; Heat; Solar power,,Sky; Space,Hydrogen; Helium,,,,,,,Spherical,Vast,,,,,Plasma,,Hot,,Day; Yearly cycle,,,
1028,Star,Observe; Stargaze; Wish,Sparkling; Bright,Shines; Twinkles; Nuclear fusion,,Natural feature; Celestial body,,White,,,,Awe; Wonder,,Navigation,,Sky; Space,Hydrogen; Helium,,,,,,,Spherical,Vast,,,,,Plasma,,Hot,,Night,,,
1029,Moon,Observe; Stargaze,Bright,Rises; Changes phase; Reflects light; Pulls tides; Sets,,Natural feature; Celestial body,,White; Gray,,,,Awe; Romance; Wonder,,Light,,Sky; Space,Rock; Dust,Orbits,Crater,,,,,Spherical,Vast,,,,,Solid,,Cold,,Night; Monthly cycle,,,
1030,Planet,Observe; Stargaze,,Reflects light; Has rings,,Natural feature; Celestial body,,,,,,Awe; Wonder,,Exploration,,Sky; Space,Rock; Gas,Orbits; Rotates,,,,,,Spherical,Vast,,,,,,,,,Night; Yearly cycle,,,
1031,Comet,Observe; Stargaze,Glowing; Bright,Reflects light; Evaporates,,Natural feature; Celestial body,,,,,,Awe; Wonder,,,,Sky; Space,Ice; Dust,Orbits,Tail,,,,,Long,Gigantic,,,,Very fast,,,,,Night,,,
1032,Meteor,Stargaze; Wish,Glowing; Bright,Burns,,Natural feature; Celestial body; Light phenomenon,,,,,,Awe; Wonder,,,,Sky; Upper atmosphere,Iron; Rock,Falls,Tail,,,,,,Small,,,,Very fast,,,Hot,,Night; Brief,,,
1033,Sky,Fly; Gaze; Stargaze,,,,Natural feature,,Blue,,,,Awe; Calm; Freedom,,Air travel; Weather forecasting,,,Air; Gas,,,,,,,Dome-shaped,Vast,,,,,,,,,Day; Night,,,
1034,Flood,Evacuate,Murky,Destroys buildings; Sweeps away; Covers ground,,Phenomenon; Natural disaster,Rainy,Brown,,Deadly; Drowning; Destructive,,Fear; Grief,,,,Valley; Riverbank,Mud; Water,Rises; Spreads,,,,,,,,,,Roar; Rushing,Fast,Liquid,,,Wet,,,,
1035,Drought,,,Cracks ground; Withers crops; Dries,,Phenomenon; Natural disaster,Arid; Sunny,,,Fire hazard; Dehydration; Famine,,Fear; Anxiety,,,,Farmland,,,,,,,,,,,,,,,,Hot,Dry,Summer,,,
1036,Earthquake,Take cover; Evacuate,,Destroys buildings; Cracks ground,,Phenomenon; Natural disaster,,,,Deadly; Collapse; Destructive,,Fear,,,,Underground; City,,Shakes,,,,,,,,,,Rumble; Crash,Fast,,,,,Brief,,,
1037,Avalanche,Rescue; Evacuate,,Sweeps away; Buries,,Phenomenon; Natural disaster,Snowy,White,,Deadly; Suffocation; Destructive; Avalanche risk,,Fear,,,,Mountain; Ski slope,Ice; Snow,Slides; Falls,,,,,,,,,,Roar; Rumble,Very fast,,,Freezing,,Winter; Brief,,,
1038,Fire,Light; Warm hands,Glowing; Bright; Flickering,Burns; Destroys buildings; Smolders,,Phenomenon,,Red; Yellow; Orange,,Deadly; Burns; Destructive,,Fear; Comfort,Prehistoric,Cooking; Light; Heat,,,,Rises; Spreads,,,,,,,,Smoky,,Roar; Crackle,,,,Hot,,,,,
1039,Smoke,Avoid,Opaque,Reduces visibility; Darkens sky,,Phenomenon,,Black; Gray,,Suffocation; Irritant; Fumes,,Anxiety,,Preserving; Signaling,,Sky; Fireplace,Gas; Carbon,Drifts; Swirls; Rises,,,,,,,,Smoky,,,,Gas,,,,,,,
